timestamp,zone_id,latitude,longitude,wind_speed_ms,wind_direction_deg,temperature_c,humidity_pct,traffic_emission_rate_kg_h,industrial_emission_rate_kg_h,rl_traffic_signal_offset_s,rl_green_corridor_active,rl_ventilation_control_mw,co2_concentration_ppm,pm25_ug_m3,reward_value
01-01-2026 00:00,Zone_007,37.71537646,-122.4493982,2.03,51.9,15.7,51.9,338.02,1142.36,30,1,3.05,617.6,41.37,-30.11
01-01-2026 01:00,Zone_004,37.84058427,-122.4971009,7.77,273.2,33.1,68.1,272.66,610.25,-26,1,4.55,606.41,25,88.03
01-01-2026 02:00,Zone_008,37.80318286,-122.4813447,1.98,180.2,24.8,50.5,432.11,164.68,-2,0,3.95,739.65,93.5,4.35
01-01-2026 03:00,Zone_005,37.71017556,-122.4379536,7.15,328.2,19.5,35.7,443.62,902.19,23,1,2.82,421.27,112.26,-4
01-01-2026 04:00,Zone_007,37.74514454,-122.4260703,8.47,52.8,22.5,44.5,126.75,461.73,-9,0,0.38,437.84,76.08,78.69
01-01-2026 05:00,Zone_010,37.80622581,-122.4393565,8.56,232.5,25.1,42.2,111.31,818.84,18,1,3.26,577.13,79.8,40.66
01-01-2026 06:00,Zone_003,37.71010259,-122.4203593,9.16,83.8,24,57.8,333.68,407.55,-28,1,2.63,584.49,93.92,-24.7
01-01-2026 07:00,Zone_007,37.78732557,-122.4107302,10.54,56.4,22.2,72.8,185.55,727.82,-3,1,0.92,413.97,26.84,13.23
01-01-2026 08:00,Zone_008,37.75188246,-122.4985114,6.25,246,22.6,47.1,58.36,949.37,7,0,4.41,689.05,117.08,89.23
01-01-2026 09:00,Zone_005,37.79313733,-122.4303857,8.9,213.7,14.4,30.8,449.89,1120.81,-17,1,1.72,573.15,50.08,85.18
01-01-2026 10:00,Zone_004,37.70686131,-122.3554751,7.62,271.7,30.3,63.7,152.11,387.24,16,0,1.94,521.33,79.11,-39.48
01-01-2026 11:00,Zone_008,37.83073052,-122.4221452,2.65,111.4,23.5,69.4,468.18,468.34,-17,1,3.36,511.6,61.55,-9.71
01-01-2026 12:00,Zone_008,37.84602335,-122.3983687,0.8,161.3,13.3,92.6,372.85,610.69,12,0,2.44,701.49,61.5,-26.82
01-01-2026 13:00,Zone_003,37.84533168,-122.4532204,3.77,146,29.2,68.3,393.19,1119.89,-20,0,0.45,468.86,87.3,30.07
01-01-2026 14:00,Zone_006,37.81244777,-122.3839013,5.59,354.3,33.3,60.6,140.66,1091.53,-22,0,1.94,456.15,119.41,62.5
01-01-2026 15:00,Zone_005,37.71951294,-122.3840618,7.6,105.2,33.7,67.3,155.39,198.87,7,1,0.47,474.61,82.5,-5.67
01-01-2026 16:00,Zone_002,37.81373948,-122.4218056,10.27,106.1,19.2,90.3,284.57,245.12,16,0,0.95,618.76,97.35,63.7
01-01-2026 17:00,Zone_008,37.70368804,-122.3535979,2.76,127.6,13.4,83.8,127.44,645.06,13,1,0.04,683.83,13.04,50.31
01-01-2026 18:00,Zone_006,37.70331853,-122.4811675,1.94,203.3,23,51,187.44,217.28,30,1,0.91,515.84,99.15,59.23
01-01-2026 19:00,Zone_002,37.74854153,-122.4974579,11.58,90.8,12.8,45.4,194.66,480.14,-25,1,1.65,460.71,43,92.24
01-01-2026 20:00,Zone_005,37.77329648,-122.3844763,1.74,329.5,33.3,47.1,121.83,263.22,-30,0,2.69,473.22,23.94,13.69
01-01-2026 21:00,Zone_001,37.81556111,-122.3789267,6,95.6,14.6,62.8,142.33,799.64,-6,1,4.6,616.71,22.47,1.39
01-01-2026 22:00,Zone_010,37.80249431,-122.4819689,7.23,322.5,16.3,78.4,404.85,1144.44,-15,0,2.7,486.11,84.79,52.58
01-01-2026 23:00,Zone_006,37.76688541,-122.4601626,6.73,37.3,20.2,62.7,125.24,1196.41,21,0,3.53,707.05,119.74,71.13
02-01-2026 00:00,Zone_009,37.741044,-122.4973671,1.49,236.4,19.6,34.4,62.81,512.77,-16,0,1.79,436.36,83.28,-21.28
02-01-2026 01:00,Zone_001,37.84956868,-122.4560037,1.16,326.5,29.9,77,333.21,758.91,3,0,3.76,411.33,38.86,77.02
02-01-2026 02:00,Zone_010,37.7639272,-122.3840287,1.71,60.7,21.4,82.4,489.19,1041.89,-14,0,3.1,430.93,32.36,-41.32
02-01-2026 03:00,Zone_003,37.76770805,-122.4223059,7.23,348.6,14.3,48.8,199.05,229.21,-28,0,2.3,695.98,67.86,-49.04
02-01-2026 04:00,Zone_007,37.72454357,-122.4477857,6.76,163,16.7,73.2,103.4,858.52,-28,0,0.97,627.93,17.15,-26.24
02-01-2026 05:00,Zone_004,37.81922143,-122.4442391,3.19,340.5,22.7,57.7,306.67,549.73,6,0,1.52,735.21,53.93,96.8
02-01-2026 06:00,Zone_009,37.80405233,-122.499797,7.83,243.7,13.7,87.8,457.86,326.76,-14,0,3.1,517.7,83.29,28.53
02-01-2026 07:00,Zone_003,37.73311544,-122.4550299,9.93,108.6,25.3,84.9,402.83,543.03,24,0,2.13,474.44,116.44,-43.01
02-01-2026 08:00,Zone_005,37.71235716,-122.4030312,0.98,67.8,24.1,64.2,330.13,183.56,30,1,4.45,596.69,56.82,99.58
02-01-2026 09:00,Zone_003,37.8020749,-122.3538708,6.23,109.3,27.9,74.9,191.78,864.95,18,0,1.17,588.24,32.02,61.74
02-01-2026 10:00,Zone_007,37.79817668,-122.3729409,8.43,33.5,33.4,87.4,293.85,378.02,21,0,0.37,606.86,99.91,75.7
02-01-2026 11:00,Zone_005,37.74098893,-122.4964608,3.4,51.8,32.8,62.2,91.06,442.55,7,0,2.95,521.64,91.86,-18.06
02-01-2026 12:00,Zone_009,37.84262953,-122.3652159,4.04,37.7,33.7,50.4,355.53,233.19,-30,0,4.43,402.06,104.57,-34.18
02-01-2026 13:00,Zone_007,37.72265868,-122.3825202,7.56,152.3,16.1,79,376.29,1051.13,-24,0,1.82,412.26,33.62,27.26
02-01-2026 14:00,Zone_002,37.76485022,-122.3829436,10.83,286.4,13.3,44.3,484.26,642.79,-5,0,3.24,632.34,54.53,65.83
02-01-2026 15:00,Zone_004,37.84154239,-122.4313006,9.81,50.9,17.6,55.3,167.18,729.36,16,1,1.16,583.14,117.97,45.67
02-01-2026 16:00,Zone_009,37.7629591,-122.4402992,7.21,46.9,32.4,86.3,58.31,726.38,8,1,2.79,687.35,27.38,44.66
02-01-2026 17:00,Zone_002,37.79577889,-122.4545626,8.9,231.6,34.3,77.1,295.52,551.54,-12,1,3.93,505.14,83.86,63.56
02-01-2026 18:00,Zone_010,37.75963916,-122.4901458,4.7,71,31.5,56.2,368.06,311.78,21,1,4.34,685.42,36.09,-15.95
02-01-2026 19:00,Zone_009,37.74113228,-122.4657647,7.87,35.1,12.8,44,405.68,919.65,23,1,0.53,548.92,65.02,49.23
02-01-2026 20:00,Zone_010,37.84759665,-122.4630095,5.86,60.1,33.7,53.1,137.18,239.76,-1,1,1.78,433.84,98.06,8.82
02-01-2026 21:00,Zone_005,37.7614001,-122.4273884,2.68,332.5,20.6,48.5,167.79,214.26,12,1,3.2,742.27,63.74,-39.54
02-01-2026 22:00,Zone_002,37.83411488,-122.3878833,8.57,295.7,10.2,41.4,280.67,881.16,24,0,0.17,579.18,98.6,-19.68
02-01-2026 23:00,Zone_004,37.73449319,-122.4289285,6.9,127.5,21.1,78.3,198.77,329.72,-17,0,3.45,620.32,56.9,69.1
03-01-2026 00:00,Zone_007,37.73196571,-122.4913233,4.62,236.1,11.2,46.4,437.23,437.45,-18,0,2.64,634.78,119.93,84.39
03-01-2026 01:00,Zone_008,37.70467011,-122.3563315,10.98,193.4,23.6,59.5,263.19,622.75,-11,0,1.44,526.84,57.94,-7.58
03-01-2026 02:00,Zone_003,37.79775002,-122.3585914,0.74,243.8,18.5,55.1,409.81,594.29,-5,1,4.07,661.63,26.43,-21.45
03-01-2026 03:00,Zone_001,37.75527895,-122.3822216,4.13,245.8,21.8,93.8,311.28,879.44,-4,0,1.45,704.59,54.21,-45.99
03-01-2026 04:00,Zone_004,37.82965374,-122.3513008,1.15,226.3,25.3,55.4,397.89,785.77,-6,1,4.96,535.52,91.69,92.15
03-01-2026 05:00,Zone_002,37.77098149,-122.4183277,9.32,95.8,31.7,35.2,199.7,808.84,-22,0,4.08,629.95,103.27,52.58
03-01-2026 06:00,Zone_008,37.84522901,-122.3555847,8.57,14,26.5,35.8,424.14,885.46,10,0,3.54,664.99,60.61,93.55
03-01-2026 07:00,Zone_004,37.72782883,-122.4886592,4.31,164,20.9,68.4,173.56,421.87,17,0,0.31,466.54,75.39,79.58
03-01-2026 08:00,Zone_002,37.83029348,-122.4451479,8.27,320.8,30.5,69,295.74,454.57,-19,0,4.52,516.41,102.94,1.07
03-01-2026 09:00,Zone_006,37.81648953,-122.4661928,5.05,205,32.6,57.2,146.3,581.8,-21,0,3.95,438.08,99.49,-33.1
03-01-2026 10:00,Zone_006,37.81563828,-122.470625,9.2,299.7,13,58.1,263.99,438.21,-25,0,1.15,610.77,82.35,24.86
03-01-2026 11:00,Zone_010,37.82671748,-122.4788796,5.72,357,23.3,33.5,193.18,1183.43,19,0,1.96,680.33,99.65,-45.98
03-01-2026 12:00,Zone_004,37.8141536,-122.406638,5.24,58.9,17.1,63.6,170.02,995.46,3,0,1.34,613.79,73.35,-27.51
03-01-2026 13:00,Zone_006,37.79393305,-122.3828017,11.25,249,11.2,62.8,485.14,281.12,28,1,4.92,462.92,10.51,-14.99
03-01-2026 14:00,Zone_002,37.71968673,-122.4132552,3.39,242.7,26.7,39.7,122.03,106.15,21,0,4.27,591.23,14.54,49.85
03-01-2026 15:00,Zone_010,37.70487893,-122.4779556,1.89,352.8,31.6,36.7,404.3,147.06,10,0,4.65,692.23,117.78,26.48
03-01-2026 16:00,Zone_002,37.83812718,-122.3783314,7.22,354.8,14.1,38,492.87,368.47,-12,0,3.94,505.95,25.95,-4.64
03-01-2026 17:00,Zone_010,37.79249755,-122.4046068,11.65,247.2,30.3,36.6,58.96,225.72,-25,0,2.28,691.43,54.5,34.72
03-01-2026 18:00,Zone_004,37.81948059,-122.4417751,4.85,87.7,31.3,69.6,364.56,686.67,-29,0,1.03,674.62,112.72,-31.22
03-01-2026 19:00,Zone_008,37.77222835,-122.3988805,1.21,287.5,32.9,42.8,163.81,1043.79,-16,0,1.04,407.61,31.45,63.36
03-01-2026 20:00,Zone_007,37.71759623,-122.4610143,4.4,38.5,16.6,46.3,68.22,910.43,-14,0,0.76,483.81,102.82,56.81
03-01-2026 21:00,Zone_009,37.71877787,-122.4482212,6.32,281.1,32.6,41.3,231.3,337.17,-15,1,2.73,590.03,100.01,-17.52
03-01-2026 22:00,Zone_008,37.80283479,-122.3623771,2.36,327.7,18,92.3,470.85,539.23,-3,0,4.6,651.17,118.5,40.96
03-01-2026 23:00,Zone_005,37.76454588,-122.4564243,8.07,137.8,23.8,85.6,55.29,658.68,-10,0,4.96,708.19,40.99,25.5
04-01-2026 00:00,Zone_002,37.73007871,-122.4295018,11.97,227,11.3,45,314.55,991.23,-23,0,1.44,624.36,44.69,-40.88
04-01-2026 01:00,Zone_005,37.77373918,-122.3664788,5.7,154.9,11.1,51.3,275.63,1023.03,-21,0,3.49,533.12,109.32,-8.28
04-01-2026 02:00,Zone_008,37.70963134,-122.3938418,4.58,157.6,28,43.6,443.02,1100.69,-21,0,2.99,464.62,35.75,99.92
04-01-2026 03:00,Zone_010,37.78729571,-122.4906695,5.11,111.7,21.1,62,87.8,660.17,19,1,2.44,666.01,70.27,-35.07
04-01-2026 04:00,Zone_009,37.74034901,-122.4779045,1.82,274.4,16.4,31.3,356.69,863.7,-21,1,3.33,472.37,87.81,25.96
04-01-2026 05:00,Zone_009,37.81963387,-122.4988238,10.66,337,14.8,73.6,356.05,222.98,-22,0,1.86,643.4,39.91,77.4
04-01-2026 06:00,Zone_001,37.74655429,-122.4053617,5.27,338.7,26.7,64,351.09,721.82,-3,1,4.72,463.42,113.23,-4.9
04-01-2026 07:00,Zone_009,37.76828302,-122.432849,4.95,62.9,10,88.4,474.05,373.56,-7,0,3.53,431.87,83.23,-10.89
04-01-2026 08:00,Zone_007,37.70174308,-122.4798588,8.09,314.9,30.1,40.7,420.39,574.89,-12,1,3.77,487.89,15.19,83.62
04-01-2026 09:00,Zone_009,37.71086703,-122.3563099,5.58,265.5,12,82.3,68.89,797.46,2,1,1.21,499.73,24.93,-4.28
04-01-2026 10:00,Zone_008,37.75887403,-122.420551,7.95,91,14.8,81.5,261.99,382.68,-27,1,0.84,626.52,30.99,47.72
04-01-2026 11:00,Zone_001,37.77199083,-122.463716,1.21,24.2,19.7,38.3,229.08,157.4,25,0,1.97,456.31,36.95,61.05
04-01-2026 12:00,Zone_008,37.79000308,-122.4249095,9.86,96.5,22.1,55.9,189.57,111.26,-28,0,3.83,725.61,90.37,68.29
04-01-2026 13:00,Zone_008,37.74374939,-122.398057,11.32,328.4,18.9,41.1,253.1,124.38,11,0,4.69,594.03,19.78,99.21
04-01-2026 14:00,Zone_003,37.80424728,-122.4885641,7.96,227.9,18,46.6,222.89,109.18,-19,0,2.14,571.83,48.57,70.48
04-01-2026 15:00,Zone_001,37.82901836,-122.4587944,11.48,259.6,34.1,47.1,244.55,221.39,-13,0,3.87,552.14,110.25,48.55
04-01-2026 16:00,Zone_008,37.81697765,-122.3789552,2.24,92.6,26,66.2,490.67,363.44,-8,0,2.35,598.31,71.23,84.32
04-01-2026 17:00,Zone_003,37.70594282,-122.4310503,5.99,259,10.6,56.7,89.88,343.34,-11,0,1.48,407.86,39.2,85.86
04-01-2026 18:00,Zone_003,37.77207604,-122.4180134,7.42,10.1,20.8,91.6,465,1185.48,-25,1,3.7,746.53,115.28,95.97
04-01-2026 19:00,Zone_001,37.71573953,-122.4350776,7.19,135.1,31.9,38.2,266.11,436.61,22,0,3.99,595.13,36.87,66.47
04-01-2026 20:00,Zone_005,37.73630675,-122.493415,5.12,225.6,17.5,93.3,330.68,240.16,3,1,1.01,412.32,109.56,-20.76
04-01-2026 21:00,Zone_010,37.84799939,-122.4751375,4.39,52.6,12.4,45,423.58,700.12,11,0,1.53,606.49,89.83,56.47
04-01-2026 22:00,Zone_007,37.72137433,-122.4331688,1.96,296.3,29,80.2,212.21,1043.75,-29,1,2.47,552.98,91.46,-38.73
04-01-2026 23:00,Zone_010,37.77483322,-122.4686222,5.01,84.6,25.2,52,243.69,845.87,-1,0,0.93,408.41,94.14,-2.31
05-01-2026 00:00,Zone_009,37.79272336,-122.4925031,2.37,234.8,24.3,39.3,234.28,425.69,-22,0,4.64,723.55,65.72,-32.63
05-01-2026 01:00,Zone_007,37.80536975,-122.3734526,8.95,145.9,11.3,85.8,218.63,717.78,-4,1,2.96,403.7,99.6,92.49
05-01-2026 02:00,Zone_009,37.7839473,-122.3528211,2.9,214.6,13.5,50.1,466.49,886.34,11,0,0.61,602.26,101.98,0.81
05-01-2026 03:00,Zone_008,37.70146563,-122.3810286,1.17,38.7,25.6,72.8,423.02,900.91,3,0,0.92,736.63,49.65,56.98
05-01-2026 04:00,Zone_002,37.7489692,-122.3719323,6.85,6.1,15.2,66.8,99.05,833.19,9,0,4.77,483.16,54.04,35.7
05-01-2026 05:00,Zone_001,37.77765675,-122.4637034,7.35,327.4,22.6,60.7,98.66,1057.89,-7,0,3.69,488.96,107.76,-33.87
05-01-2026 06:00,Zone_007,37.71317997,-122.355906,10.53,97.1,23.6,62.2,242.54,1057.12,18,0,3.67,400.15,67.72,34.2
05-01-2026 07:00,Zone_007,37.75259404,-122.4704611,7.14,295.1,17.1,77.6,94.4,736.83,-14,0,0.36,423.22,105.36,49.15
05-01-2026 08:00,Zone_008,37.70498047,-122.3572855,4.47,359.8,33.7,35.7,328.59,572.84,-2,1,4.48,415.71,78.94,82.23
05-01-2026 09:00,Zone_005,37.71178677,-122.3507771,9.73,76.1,31.1,73.4,114.66,805.73,5,1,2.22,687.93,75.29,-39.49
05-01-2026 10:00,Zone_003,37.75953849,-122.3932416,6.71,95.5,28.1,88.2,285.07,1000.03,19,0,3.3,692.86,13.41,-5.65
05-01-2026 11:00,Zone_008,37.71990736,-122.3528284,1.41,238.6,11.9,33.8,53.25,106.22,-19,1,4.8,654.35,40.57,53.85
05-01-2026 12:00,Zone_006,37.78513113,-122.414569,7.01,347.6,12.7,39.1,192.47,1191.2,0,0,0.5,523.46,65.23,-44.85
05-01-2026 13:00,Zone_003,37.80341975,-122.4610687,10.94,329.7,22.3,76.6,354.74,301.18,18,0,2.41,687.44,74.6,-19.47
05-01-2026 14:00,Zone_001,37.820088,-122.4344506,5.06,181,14,58.4,267.82,617.27,-22,0,0.25,588.92,79.35,-17.2
05-01-2026 15:00,Zone_003,37.73002254,-122.4109659,3.91,286.2,34.5,56.2,490.22,1059.23,30,1,2.5,506.51,88.78,50.4
05-01-2026 16:00,Zone_005,37.72512239,-122.4890378,2.15,48.9,14,38.9,443.35,347.54,-12,0,1.26,553.05,82.19,-7.11
05-01-2026 17:00,Zone_003,37.71568518,-122.4066485,2.24,351.9,22.2,62.9,211.58,624.47,15,1,4.56,423.02,103.34,39.94
05-01-2026 18:00,Zone_001,37.79546454,-122.3528233,5.48,347.2,19.1,38.2,70.47,245.84,15,0,1.99,730.72,42.5,94.8
05-01-2026 19:00,Zone_005,37.80597136,-122.4714839,7.35,58.9,26,61,430.53,534.58,-14,1,3.17,616.69,80.57,68.99
05-01-2026 20:00,Zone_010,37.70473792,-122.3811107,1.43,107.8,13.2,79.6,460.06,294.85,-29,1,4.3,655.93,15.63,-0.06
05-01-2026 21:00,Zone_007,37.84043184,-122.3638152,11.31,36.1,20.8,46.8,419.28,499.99,9,0,4.92,636.8,62.82,20.86
05-01-2026 22:00,Zone_007,37.70779569,-122.3584448,9.18,97.8,16.9,61.3,107.58,510.81,-26,1,2.52,633.71,39.48,-19.9
05-01-2026 23:00,Zone_009,37.78119445,-122.3559797,7.25,293.7,32.2,94.5,499.06,1192.49,28,0,2.28,406.04,51.9,-47.64
06-01-2026 00:00,Zone_010,37.80635908,-122.4217811,10.03,136.2,11,74.6,166.36,1194.29,8,0,0.38,583.88,49.01,-6.54
06-01-2026 01:00,Zone_010,37.83064537,-122.3534038,1.42,31.8,32.8,84.7,375.89,226.26,23,0,0.06,687.6,16.65,5.41
06-01-2026 02:00,Zone_003,37.80711304,-122.3864035,5.98,123.2,30.8,57,458.62,898.57,30,0,3.04,415.58,61.33,34.66
06-01-2026 03:00,Zone_007,37.82025921,-122.4757493,7.75,353.3,17.4,79.9,156.06,156.92,17,1,0.33,734.66,119.41,91.61
06-01-2026 04:00,Zone_001,37.75091753,-122.428465,10.03,226.7,29.7,32.6,458.72,133.21,-15,0,1.9,548.46,42.88,92.18
06-01-2026 05:00,Zone_004,37.82222377,-122.3922503,9.51,149.8,10.8,38,189.27,215.87,-14,0,0.02,501.46,90.98,-39.49
06-01-2026 06:00,Zone_004,37.71201723,-122.462899,3.69,60,34.2,43.2,489.39,1162.03,23,0,3.08,586.14,70.26,42.2
06-01-2026 07:00,Zone_005,37.8342225,-122.4039077,11.32,355,23.2,56.1,176.57,1134.95,-4,0,2.13,680.42,45.77,-43.65
06-01-2026 08:00,Zone_007,37.78213886,-122.4000099,1.93,295.5,17.6,85,479.05,313.32,-24,0,0.64,566.16,19.86,47.21
06-01-2026 09:00,Zone_007,37.82259467,-122.475595,10.56,101.3,19.1,52.5,74.1,277.84,21,1,1.48,625.79,33.74,-32.34
06-01-2026 10:00,Zone_004,37.76784774,-122.4152372,11.67,25.2,11.7,72.6,369.17,364.59,-23,1,2.85,574.97,96,91.96
06-01-2026 11:00,Zone_007,37.79653665,-122.384256,2.54,20.4,34.7,76.1,289.45,667.1,-23,0,3.28,620.95,40.69,79.65
06-01-2026 12:00,Zone_003,37.7789604,-122.4251657,8.8,43.3,11,68.1,265.04,726.68,-8,0,2.31,448.31,25.87,-46.65
06-01-2026 13:00,Zone_006,37.80973843,-122.4981845,0.96,209.1,26.4,53.2,150.57,343.75,1,0,4.02,413.53,46.44,67.32
06-01-2026 14:00,Zone_002,37.7122445,-122.4986442,5.16,334.4,21.1,67.5,367.52,932.29,12,1,0.56,447.92,74.24,45.38
06-01-2026 15:00,Zone_010,37.70905281,-122.4464456,6.44,178.8,33.7,52.2,135.86,440.51,16,0,0.42,500.04,87.38,24.31
06-01-2026 16:00,Zone_009,37.73706549,-122.3610709,7.18,303.5,16.1,35.5,298.78,1114.34,-13,0,0.22,488.67,52.61,40.4
06-01-2026 17:00,Zone_005,37.7239317,-122.4656985,11.26,160.5,23.3,94.5,163.96,822.39,7,1,2.68,615.31,64.8,51.74
06-01-2026 18:00,Zone_006,37.83076753,-122.4048454,8.23,255.1,22.1,38.3,480.03,579.99,23,0,3.53,559.56,60.04,82.67
06-01-2026 19:00,Zone_004,37.7328821,-122.4666886,6.03,263.5,27.6,34.7,62.88,968.9,-19,0,0.65,413.58,10.99,65.1
06-01-2026 20:00,Zone_010,37.84637979,-122.4517495,9.81,62.6,11.7,87.1,139.88,999.71,-16,1,3.19,412.2,53.52,36.31
06-01-2026 21:00,Zone_007,37.75053437,-122.3727937,11.43,130,14.8,49.6,159.04,419.53,-3,0,2.38,431.71,74.61,73.69
06-01-2026 22:00,Zone_009,37.72731769,-122.3906708,0.75,229.4,15.4,72.3,236.33,473.69,24,0,4.94,523.58,72.69,98.04
06-01-2026 23:00,Zone_007,37.81845478,-122.4856901,11.8,25.5,28.5,51.4,154.73,1129.55,7,0,3.59,402.16,92.47,-4.97
07-01-2026 00:00,Zone_001,37.79880617,-122.4356947,1.49,130.2,14.7,55.4,271.11,281.22,19,0,3.29,572.9,83.74,-32.24
07-01-2026 01:00,Zone_001,37.77472936,-122.4956245,9.87,192.5,24.3,47,442.61,146.37,25,0,2.85,526.23,40.45,59.72
07-01-2026 02:00,Zone_009,37.78330453,-122.4278665,3.72,358.6,15.4,52.3,370.43,599.46,0,1,4.99,594.4,38.12,96.79
07-01-2026 03:00,Zone_009,37.80788027,-122.4006349,2.02,170.8,31.5,56.7,310.98,981.33,21,0,4.9,652.29,61.06,-32.49
07-01-2026 04:00,Zone_004,37.73426821,-122.4822246,5.56,293.8,33.6,76.8,90.05,948.83,-22,1,2.69,487.84,90.63,14.76
07-01-2026 05:00,Zone_009,37.84945009,-122.4566673,7.91,155.5,23,63.2,362.3,1111.48,-23,0,2.28,454.98,20.32,-40.66
07-01-2026 06:00,Zone_003,37.84621897,-122.4403245,4.88,286.7,18.8,91.3,124.89,686.52,15,0,2.31,497.32,114.32,66.48
07-01-2026 07:00,Zone_007,37.79754885,-122.3620703,1.13,214.3,15.9,32.7,403.87,210.07,-12,0,2.14,400.62,69.75,92.31
07-01-2026 08:00,Zone_006,37.72993137,-122.3510117,7.39,319.2,11.2,62.7,162.53,747.56,20,0,2.66,442,43.7,24.85
07-01-2026 09:00,Zone_008,37.80203424,-122.4932633,10.88,147.9,16.7,68,237.67,956.24,-23,0,1.37,662.79,86.27,11.43
07-01-2026 10:00,Zone_009,37.71082976,-122.3858488,4.91,217.5,26.4,89.8,207.71,202.66,3,0,4.63,477.98,14.92,86.16
07-01-2026 11:00,Zone_005,37.70459788,-122.4442414,2.99,226.8,23.3,33.2,436.47,289.92,26,0,2.45,748,63.28,-29.99
07-01-2026 12:00,Zone_001,37.73865243,-122.4411313,5.59,150.3,33.6,67.3,106.95,113.52,-27,0,4.21,458.74,63.46,83.74
07-01-2026 13:00,Zone_003,37.76939344,-122.3868603,1.06,52,19.9,85.5,304.54,753.02,0,1,2.38,676.07,27.82,8.82
07-01-2026 14:00,Zone_010,37.83024088,-122.362236,9.94,33.7,27.3,45.7,113.93,1075.41,7,0,3.59,646.77,102.11,33.91
07-01-2026 15:00,Zone_008,37.80907536,-122.3573607,10,6,22.2,87,367.16,837.73,-28,0,1.68,512.75,97.65,29.24
07-01-2026 16:00,Zone_006,37.81140598,-122.4134316,7.26,314.5,22.8,31.2,457.29,1180.24,4,0,3.12,515.76,26.8,42.4
07-01-2026 17:00,Zone_008,37.763824,-122.4464318,4.56,85.1,16.7,77.6,245.57,169.34,-12,0,2.49,597.24,50.02,91.32
07-01-2026 18:00,Zone_009,37.75189025,-122.3818676,9.7,76.1,21.4,90.7,269.64,1093.3,12,1,1.84,698.33,21.05,92.67
07-01-2026 19:00,Zone_004,37.75565581,-122.4623498,6.88,265,21.8,72.7,467.34,995.48,-2,0,4.41,535.17,103.35,74.67
07-01-2026 20:00,Zone_001,37.84814743,-122.4153889,10,115.2,27.7,58.5,284.45,445.67,-21,0,0.56,421.41,45.57,-21.27
07-01-2026 21:00,Zone_001,37.70601638,-122.4462132,7.76,182.2,33.5,32.9,269.42,1170.88,-19,0,2.43,531.05,58.32,0.03
07-01-2026 22:00,Zone_010,37.83005472,-122.4015053,9.52,58.5,18.2,89.8,310.25,416.73,15,1,0.97,472.56,45.63,23.17
07-01-2026 23:00,Zone_004,37.78680131,-122.4639402,7.38,345.5,11.1,60.6,360.15,1078.24,-1,0,4.31,728.72,44.1,85.82
08-01-2026 00:00,Zone_007,37.76579231,-122.4712611,5.26,306.6,22.4,31.9,98.1,1068.82,-1,0,1.27,644.05,92.2,28.13
08-01-2026 01:00,Zone_002,37.80878865,-122.3622641,11.52,311,23.6,74.8,419.5,933.42,29,0,3.17,417.79,92.23,96.62
08-01-2026 02:00,Zone_003,37.77300034,-122.4847294,6.72,146.4,14.2,61.3,245.98,719.82,-13,0,0.83,502.55,66.96,97.58
08-01-2026 03:00,Zone_001,37.83101349,-122.4241063,7.46,274.5,29,38.1,82.56,232,-7,0,2.02,417.58,82.34,39.79
08-01-2026 04:00,Zone_005,37.83510528,-122.4668721,3.04,51.8,34.6,43.9,403.78,685.17,1,1,4.5,690.51,66.28,81.62
08-01-2026 05:00,Zone_001,37.76325814,-122.4941605,7.69,3.1,33.6,34.2,219.63,492.48,-22,1,0.83,717.2,13.14,99.88
08-01-2026 06:00,Zone_008,37.74152417,-122.4945972,7.07,7.2,14.9,67.3,95.17,971.44,16,0,3.32,439.3,17.26,77.46
08-01-2026 07:00,Zone_001,37.78885255,-122.4737167,2.63,211.2,31.9,70.4,335.2,933.94,-7,0,1.02,554.1,52.21,48.54
08-01-2026 08:00,Zone_001,37.8368545,-122.3699844,1.19,163.9,27.6,62.9,446.06,1101.67,-5,0,2.08,726.16,92.47,76.77
08-01-2026 09:00,Zone_002,37.73159933,-122.4576282,7.45,186.5,21.3,83.1,449.49,116.31,-28,0,2.7,450.82,110.45,-37.6
08-01-2026 10:00,Zone_002,37.79344499,-122.3574311,9.28,2.7,23.5,86,480.95,990.01,-8,0,2.89,502.17,13.27,45.22
08-01-2026 11:00,Zone_006,37.79473403,-122.4127567,6.52,152.2,31.2,70,440.47,1132.31,-20,0,3.01,506.5,50.48,-17.52
08-01-2026 12:00,Zone_007,37.80996695,-122.4345079,3.11,258.5,22,30.8,50.96,968.23,-21,1,3.2,410.52,34.62,-32.59
08-01-2026 13:00,Zone_005,37.71973515,-122.4129867,8.17,159.4,19.3,75.2,221.11,243.21,19,0,1.36,412.7,99.67,83.93
08-01-2026 14:00,Zone_001,37.80737374,-122.4224952,1.42,263.6,22.3,57.2,418.34,189.41,5,1,2.01,733.48,103.06,45.95
08-01-2026 15:00,Zone_001,37.83635488,-122.3861836,5.58,83.9,24.5,66.8,214.81,122.93,29,0,0.19,599.88,32.7,-13.47
08-01-2026 16:00,Zone_003,37.72695247,-122.4576256,2.38,292.7,14.7,72.2,320.7,791.62,-18,0,3.84,507.33,88.19,8.02
08-01-2026 17:00,Zone_002,37.7356315,-122.4470424,2.62,211.8,32.5,52.8,322.84,792.64,-2,0,4.19,532.54,90.49,95.99
08-01-2026 18:00,Zone_005,37.84570926,-122.3658859,2.83,75.9,26.9,89.6,214.26,1185.61,7,1,1,650.2,29.48,79.33
08-01-2026 19:00,Zone_010,37.72714654,-122.3580315,4.95,85.2,25.8,38.7,457.01,537.85,28,0,1.01,528.28,57.71,-47.66
08-01-2026 20:00,Zone_006,37.82815776,-122.3661163,1.09,226.1,12.5,73.6,276.45,465.1,22,1,0.21,479.72,78.24,96.97
08-01-2026 21:00,Zone_007,37.77384168,-122.4370828,5.07,298.8,25.1,30.3,259.15,786.87,-18,1,4.85,435.64,12.87,5.28
08-01-2026 22:00,Zone_004,37.73708466,-122.3829452,6.38,149.6,13,90.1,498.88,1008.17,26,1,4.04,655.13,54.51,54.31
08-01-2026 23:00,Zone_007,37.83061249,-122.4285496,6.06,93,12,37.3,272.08,1130.45,-5,1,1.8,463.2,27.05,56.9
09-01-2026 00:00,Zone_008,37.76679579,-122.425369,4.9,312.1,23.2,36.2,130.28,983.44,-11,1,2.41,424.38,69.61,86.75
09-01-2026 01:00,Zone_001,37.7772226,-122.469298,10.15,240.9,20.1,51.6,280.88,569.34,-26,1,1.46,549.43,102.72,82.76
09-01-2026 02:00,Zone_006,37.75388501,-122.4113305,2.17,161.3,24.7,54.3,416.31,798.41,-11,0,2.99,413.85,67.72,-7.74
09-01-2026 03:00,Zone_008,37.78894263,-122.4720796,6.32,175.6,12.2,43.9,399.59,1041.93,-17,1,3.59,737.75,13.96,46.53
09-01-2026 04:00,Zone_005,37.72452858,-122.4502653,1.21,73.5,20.8,68,404.86,639.67,14,1,2.24,619.55,13.26,9.06
09-01-2026 05:00,Zone_004,37.75866223,-122.3717455,1.32,225.6,14.4,58.8,368.61,338.36,-17,0,4.37,453.44,76.61,28.83
09-01-2026 06:00,Zone_002,37.84541185,-122.4689386,7.1,129.1,34.7,32.2,164.4,286.7,-23,1,2.59,460.36,46.08,33.2
09-01-2026 07:00,Zone_006,37.73872001,-122.4893263,7.01,358.4,24,50.8,437.94,100.17,17,0,0.72,599.44,72.99,9.45
09-01-2026 08:00,Zone_006,37.7985105,-122.4896489,10.6,172.9,27.2,82.7,452.05,890.06,-18,0,3.11,524.8,28,19.58
09-01-2026 09:00,Zone_001,37.74877851,-122.3588823,6.92,174.9,18.1,74.8,137.37,222.21,-7,0,2.31,670.99,95.45,-18.75
09-01-2026 10:00,Zone_009,37.81602097,-122.4239619,11.54,203.7,12.4,77.1,108.71,368.22,-16,0,4.68,591.03,104.68,41.15
09-01-2026 11:00,Zone_006,37.71963105,-122.4385882,1.06,330,34.4,75.4,489.02,427.66,20,1,1.96,551.67,107.81,63.84
09-01-2026 12:00,Zone_003,37.84547316,-122.3783682,1.63,288.3,17.2,50.2,440.75,716.42,-30,1,2.01,737.04,43.45,14.46
09-01-2026 13:00,Zone_004,37.76806843,-122.3746261,1.01,162.4,20.6,36.5,451.96,537.75,-9,1,3.25,536.76,82.68,96.65
09-01-2026 14:00,Zone_004,37.73540757,-122.4501713,2.63,258.7,26.2,47.7,448.87,842.14,3,1,2.63,540.21,40.69,-41.42
09-01-2026 15:00,Zone_003,37.71102451,-122.3959573,6.72,211,10.6,84.1,293.76,161.2,19,0,1.87,633.02,93.9,38.37
09-01-2026 16:00,Zone_010,37.72546369,-122.3843316,7.92,177.3,30.3,93.7,340.88,236.33,20,0,4.95,683.32,23.26,37.54
09-01-2026 17:00,Zone_003,37.77796609,-122.4018024,1.02,69.2,23.4,62.1,295.41,649.13,9,0,1.51,619.18,93.9,-44.56
09-01-2026 18:00,Zone_003,37.75055048,-122.4772607,11.38,167,17,30.6,73.04,470.66,-28,1,1.39,644.51,58.37,-16.31
09-01-2026 19:00,Zone_004,37.8243325,-122.3686175,10.18,88.5,11.5,39.1,385.48,425.39,24,0,4.32,530.53,104.11,85.83
09-01-2026 20:00,Zone_007,37.76463313,-122.4191358,3.91,329.3,14.1,50.9,277.4,173.73,-5,1,0.02,567.82,91.28,31.68
09-01-2026 21:00,Zone_004,37.73730714,-122.4576291,1.39,120.7,32.4,67.6,341.47,1085.29,-17,1,1.01,468.96,51.42,15.46
09-01-2026 22:00,Zone_009,37.79257175,-122.4362158,2.45,342.8,27.2,34.9,276.19,861,27,1,2.95,638.09,109.39,12.32
09-01-2026 23:00,Zone_001,37.80601658,-122.4943643,1.96,191.9,16.2,91.3,271.32,233.78,10,0,0.81,477.51,41.17,83.22
10-01-2026 00:00,Zone_008,37.72505629,-122.48082,1.92,227.4,11.6,53.7,127.31,171.55,30,0,4.93,400.44,116.37,5.05
10-01-2026 01:00,Zone_007,37.72514288,-122.385168,6.46,195.5,27.3,89.3,175.42,1172.36,-23,1,2.32,726.82,94.39,78.88
10-01-2026 02:00,Zone_002,37.70550071,-122.4999983,3.33,46.6,24.3,80.7,121.48,849.29,18,1,2.99,507.11,118.97,-3.62
10-01-2026 03:00,Zone_008,37.8104603,-122.4375151,4.62,135.3,20.1,79.1,138.05,559.2,24,0,0.8,468.82,15.93,29.73
10-01-2026 04:00,Zone_001,37.79957068,-122.4216235,11.88,35.7,19.1,69.4,487.84,871.9,24,1,1.45,493.85,40.14,-28.43
10-01-2026 05:00,Zone_009,37.77119463,-122.4918048,8.37,224.3,15.4,70.7,118.9,931.96,25,1,3.07,515.66,91.54,73.75
10-01-2026 06:00,Zone_009,37.82662557,-122.3540383,11.41,160.9,26.7,71.5,171.17,957.96,-15,0,2.75,566.09,111.45,60.4
10-01-2026 07:00,Zone_002,37.82085052,-122.4660812,2.14,280.1,34.3,70.9,315.77,625.67,11,0,3.92,424.27,13.16,29.51
10-01-2026 08:00,Zone_007,37.78780315,-122.4543702,4.89,79.4,14.4,66,324.58,572.87,-10,0,1.35,418.44,10,-46.11
10-01-2026 09:00,Zone_010,37.83024069,-122.4544086,6.88,59.2,24.9,94.1,119.29,112.13,-21,0,3.27,502.52,38.19,22.19
10-01-2026 10:00,Zone_003,37.73087618,-122.4654375,1.38,146.3,20.6,77.6,407.17,1119.21,26,1,1.45,503.52,103.81,-16.22
10-01-2026 11:00,Zone_007,37.71678794,-122.4997789,0.55,333.6,21.2,80.5,403.34,763.64,-6,0,2.93,441.18,94.39,12.01
10-01-2026 12:00,Zone_010,37.74046244,-122.3905983,8.21,255.8,16.4,86.7,156.79,323.47,25,1,3.03,541.68,47.43,78.46
10-01-2026 13:00,Zone_009,37.70856303,-122.3549732,7.88,150.8,30.6,44,179.9,1111.56,7,1,0.61,499.41,10.22,65.44
10-01-2026 14:00,Zone_004,37.77967543,-122.466356,5.22,186.2,22.1,35.4,472.09,1106.43,-9,0,2.74,409.12,71.02,-13.71
10-01-2026 15:00,Zone_001,37.84049085,-122.4005429,6.13,30.3,23.6,61.4,421.55,1188.1,18,0,0.06,710,36.18,97.74
10-01-2026 16:00,Zone_002,37.70590153,-122.3887156,5.28,354.4,17.6,63.4,364.01,1061.46,30,0,2.51,710.11,92.02,85.48
10-01-2026 17:00,Zone_001,37.71831649,-122.3727362,0.78,239.9,14.5,83.9,87,1197.56,17,0,3.49,473.21,59.1,29.3
10-01-2026 18:00,Zone_005,37.76782985,-122.4366056,4.36,102.7,12.1,58.8,238.22,369.15,16,0,0.36,457.01,84.65,29.52
10-01-2026 19:00,Zone_005,37.84008125,-122.4545604,2.54,210.9,27.9,67.1,301.69,1026.47,23,1,4.69,591.55,103.75,85.19
10-01-2026 20:00,Zone_007,37.74742342,-122.4512057,1.63,39.4,14.9,64.3,134.34,1005.33,15,0,2.29,620.76,68.93,45.42
10-01-2026 21:00,Zone_009,37.77608522,-122.3931068,11.5,347.7,27.3,32.5,251.7,354.03,-27,0,4.69,735.14,46.96,30.5
10-01-2026 22:00,Zone_009,37.70623593,-122.3774831,7.39,62.9,19.8,70,320.46,208.28,-27,0,0.54,532.07,94.65,62.37
10-01-2026 23:00,Zone_003,37.72225148,-122.4727579,8.88,233.3,20.4,83.8,197.32,1177.36,-1,0,4.75,616.37,39.17,-14.74
11-01-2026 00:00,Zone_003,37.84799452,-122.4443588,4.13,88.4,21.7,40.2,401.43,425.63,-29,0,0.55,707.36,108.07,81.76
11-01-2026 01:00,Zone_003,37.8447678,-122.364709,5.02,258.3,19.2,68.6,428.2,1057.98,-2,1,2.31,557.48,17.86,29.71
11-01-2026 02:00,Zone_004,37.700741,-122.378996,3.22,279.7,12.5,68.6,195.62,104.54,12,0,4.69,442.82,101.9,40.52
11-01-2026 03:00,Zone_008,37.84277177,-122.3522712,1.62,242.4,17.7,40.7,427.4,123.13,5,1,1.16,532.11,20.07,-36.51
11-01-2026 04:00,Zone_006,37.79586799,-122.3868628,2.56,221.2,26.6,38,96.61,612.46,-10,0,0.17,447.8,16.18,-3.57
11-01-2026 05:00,Zone_008,37.83018774,-122.4410207,9.67,321.3,26.6,93.7,426.98,362.59,30,1,3.97,405.82,49.96,14.01
11-01-2026 06:00,Zone_001,37.76821098,-122.4114043,8.29,28.3,17.2,55.6,118.74,858.83,29,1,2.98,663.04,115.22,12.09
11-01-2026 07:00,Zone_008,37.7773394,-122.4008479,6.79,119.1,21.5,44.8,87.32,722.12,-10,0,2.57,483.45,118.18,66.74
11-01-2026 08:00,Zone_004,37.77332699,-122.4882316,5.96,89.4,14.8,41.1,338.8,185.23,17,0,0.17,400.7,32.23,-7.65
11-01-2026 09:00,Zone_001,37.80002964,-122.4183255,11.11,355.7,15.3,73.4,262.37,278.89,-10,0,3.27,705.35,26.35,-22.68
11-01-2026 10:00,Zone_008,37.72094769,-122.3936019,1.34,140.2,10.6,69.6,458.55,526.85,-27,1,0.86,555.33,48.82,37.39
11-01-2026 11:00,Zone_004,37.70449604,-122.4749018,3.73,263.7,32.4,71.8,213.44,304.16,-30,1,4.66,483.6,47.08,42.25
11-01-2026 12:00,Zone_006,37.74618949,-122.3829052,4.52,246.5,15.3,35.7,179.22,971.44,-5,0,3.43,491.98,93.56,-31.76
11-01-2026 13:00,Zone_008,37.80570211,-122.4124341,9.5,76.3,15.7,88.1,275.33,557.68,25,0,3.54,484.19,58.84,-49.63
11-01-2026 14:00,Zone_004,37.73027802,-122.3571667,11.91,86,17,55.3,255.18,202.78,20,1,1.16,468.09,95.79,87.65
11-01-2026 15:00,Zone_003,37.80101486,-122.4936367,3.27,101.3,13.2,50.4,204.99,632.78,-29,1,4.4,694.43,92.36,-38.05
11-01-2026 16:00,Zone_009,37.84548681,-122.4602011,10.55,148,26,60.1,362.18,199.92,-22,1,2.69,459.62,73.61,84.68
11-01-2026 17:00,Zone_003,37.71408511,-122.4097669,10.05,84.4,11.9,55.4,391.8,241.83,24,1,4.29,596.65,101.69,9.88
11-01-2026 18:00,Zone_009,37.80089032,-122.455516,3.08,7.1,13.4,86.1,433.84,363.57,26,0,1.35,427.06,31.52,47.96
11-01-2026 19:00,Zone_002,37.76656253,-122.3928364,5.09,316.6,26.1,90.4,487.79,1045.48,14,1,3.78,732.33,27.8,-22.16
11-01-2026 20:00,Zone_002,37.83022134,-122.3861492,5.21,347.6,18.5,49.7,170,1117.07,-13,1,2.87,611.16,92.57,73.59
11-01-2026 21:00,Zone_002,37.72657247,-122.4846226,11.75,123,27.7,86.2,372.24,1008.88,17,1,0.24,716.1,36.93,-22.97
11-01-2026 22:00,Zone_006,37.80389389,-122.4229218,2.58,121.9,23.9,80.8,227.42,467.48,17,0,2.03,539.26,10.31,7.98
11-01-2026 23:00,Zone_003,37.82571729,-122.4236664,9.69,2.6,16.4,90.5,354.69,399.69,26,0,0.92,683.74,110.32,-14.3
12-01-2026 00:00,Zone_009,37.84169213,-122.4446079,4.34,244.9,26.3,46,264.19,704.07,11,0,1.8,698.78,78.52,75.63
12-01-2026 01:00,Zone_004,37.8024872,-122.3600613,8.91,297.2,12.9,67.5,497.2,894.04,10,0,1.92,646.03,58.94,78.75
12-01-2026 02:00,Zone_001,37.77457621,-122.3758741,5.33,52.8,23.4,47.8,378.01,1192.71,-20,0,2.37,432.53,89.83,5.8
12-01-2026 03:00,Zone_004,37.79267709,-122.3954186,7.15,57.5,20.9,83.6,478.62,244.73,-6,1,3,405.63,46.67,-3.89
12-01-2026 04:00,Zone_001,37.83033575,-122.392851,10.08,284.4,16.7,30.3,425.74,154.22,-5,0,2.85,459,114.9,66.03
12-01-2026 05:00,Zone_005,37.78559146,-122.4307426,9.75,221.9,25.1,66.7,456.31,863.79,30,0,0.19,441.33,17.55,81.78
12-01-2026 06:00,Zone_004,37.70455806,-122.3618508,10.46,16.1,31.8,52,416.49,1015.45,27,1,3.75,653.8,80.5,43.6
12-01-2026 07:00,Zone_008,37.8396423,-122.3958107,1.19,224.1,35,51,256.62,1030.98,5,1,4.75,594.95,95.5,89.11
12-01-2026 08:00,Zone_008,37.80342901,-122.3906528,8.46,111.2,25.2,71.9,163.3,846.31,11,0,1.74,584.08,61.6,7.46
12-01-2026 09:00,Zone_007,37.80147701,-122.3707464,2.11,132.7,20.1,85.3,216.64,1149.42,4,0,0.9,488.5,93.05,-27.22
12-01-2026 10:00,Zone_003,37.73235127,-122.4588893,5.28,277.1,15.6,69.6,59.11,662.11,7,1,2.7,454.11,111.96,-23.05
12-01-2026 11:00,Zone_001,37.79883282,-122.3789394,6.81,291.9,16.4,85.5,285.8,1105.2,-28,1,3.52,472.29,91.84,50.47
12-01-2026 12:00,Zone_001,37.75907966,-122.4707139,5.13,144.1,22,47.2,277.28,1164.59,28,0,3.39,540.1,44.03,11.13
12-01-2026 13:00,Zone_003,37.79768495,-122.4481987,6.48,341,19.2,63.8,286.36,1031.87,10,0,3.06,659.05,71.8,-26.55
12-01-2026 14:00,Zone_006,37.71598895,-122.4496584,11.96,146.3,32.8,59.3,488.31,440.73,4,0,0.73,489.08,110.28,-6.17
12-01-2026 15:00,Zone_007,37.7986768,-122.3532212,2.05,277.9,19.2,30.8,460.15,315.84,19,1,4.18,644.51,59.4,29.59
12-01-2026 16:00,Zone_006,37.84991206,-122.3715194,8.27,174.2,19.3,66.2,122.77,702.93,9,0,2.13,572.03,84.99,-31.78
12-01-2026 17:00,Zone_006,37.70723181,-122.3948245,5.05,323.1,19.6,73,216,598.32,-9,0,1.11,709.9,61.21,-49.48
12-01-2026 18:00,Zone_006,37.84657613,-122.3909415,2.03,326.8,30.9,68.5,240.78,1065.53,-23,0,0.43,481.52,23.35,87.59
12-01-2026 19:00,Zone_003,37.76103619,-122.4156891,2.33,31.5,26.3,77.9,212.24,210.03,-16,1,2.08,557.8,16.45,-4.27
12-01-2026 20:00,Zone_006,37.83061302,-122.3579364,11.42,337.1,25.4,67.1,409.32,383.51,14,0,3.09,433.83,114.75,-16.78
12-01-2026 21:00,Zone_008,37.81735782,-122.4255612,10.62,297.2,18.4,34.3,285.82,926.98,-24,0,3.33,517.3,77.38,54.77
12-01-2026 22:00,Zone_002,37.78505244,-122.4429223,10.93,284.9,30.4,37.6,307.44,204.49,-12,1,4.81,577.41,21.42,78.01
12-01-2026 23:00,Zone_005,37.81076738,-122.4755447,11.9,72.3,11,68.8,433.86,452.84,9,0,0.77,656.46,104.32,44.84
13-01-2026 00:00,Zone_001,37.83177733,-122.3820692,2.9,289.8,31.8,47.9,412.67,525.87,11,0,4.93,469.33,67.5,-11.83
13-01-2026 01:00,Zone_001,37.76062105,-122.3898334,4.59,306,22.8,35.2,109.5,784.85,-14,1,3.27,476.33,94.91,79.25
13-01-2026 02:00,Zone_005,37.74905497,-122.4423467,8.2,104.1,20,57.9,371.26,273.95,-30,0,2.27,621.05,23.94,26.56
13-01-2026 03:00,Zone_003,37.80013901,-122.496221,6.06,342.8,22.4,66,245.95,1046.66,14,1,4.44,533.86,109.76,7.18
13-01-2026 04:00,Zone_004,37.82117689,-122.3741504,5.31,17.9,26.7,51.4,182.59,592.3,-2,0,3.47,568.73,74.96,40.71
13-01-2026 05:00,Zone_003,37.81434277,-122.4982873,4.61,54,10.3,76.8,72.51,1108.72,27,0,1.74,692.65,91.21,55.09
13-01-2026 06:00,Zone_001,37.81967205,-122.394445,7.33,193.5,31.8,71.8,269.26,614.66,-18,1,4.42,574.68,13.45,39.07
13-01-2026 07:00,Zone_001,37.7653375,-122.3544614,7.12,207.3,21.2,51.6,209.95,402.54,25,0,3.33,628.37,44.68,88.04
13-01-2026 08:00,Zone_005,37.82267513,-122.4343508,2.36,232.3,18.6,79.1,163.18,256.01,17,1,3.49,629.87,39.42,44.2
13-01-2026 09:00,Zone_006,37.71803136,-122.464754,5.93,6.1,13.5,72.2,362.6,104.12,-2,0,4.48,681.26,114.46,81.79
13-01-2026 10:00,Zone_003,37.78167336,-122.3942693,6.86,345.7,21,71.4,396.27,685.37,10,0,2.24,623.35,30.39,38.04
13-01-2026 11:00,Zone_009,37.7008638,-122.3774308,7.06,16.1,22.4,66,160.16,217.87,11,1,3.28,422.68,87.78,-0.55
13-01-2026 12:00,Zone_005,37.74868787,-122.4180355,2.92,51.5,20.1,30.7,72.25,530.9,-25,0,3.72,519.76,14.7,29.84
13-01-2026 13:00,Zone_008,37.75496923,-122.3549447,9.04,5,27,75.3,431.94,748.2,-26,0,2.27,746.26,31.75,-37.05
13-01-2026 14:00,Zone_001,37.7594259,-122.4922497,0.79,204.1,20.5,54.4,54.48,403.25,3,0,0.42,468.78,47.25,-15.47
13-01-2026 15:00,Zone_005,37.80432008,-122.4242807,4.58,335.6,34,91.3,471.7,292.75,-20,0,3.86,605.36,97.4,64.93
13-01-2026 16:00,Zone_003,37.75828372,-122.3922319,9.47,239.7,25,83.2,332.43,952.19,-22,1,0.24,695.03,96.9,49.22
13-01-2026 17:00,Zone_001,37.76730404,-122.3706039,6.98,296.2,30.2,68.2,194.83,1141.47,7,1,3.59,605.3,114.79,-25.02
13-01-2026 18:00,Zone_004,37.73563162,-122.4731117,3.5,4.8,12.7,46.4,160.92,210.48,9,1,4.55,530.29,110.84,15.7
13-01-2026 19:00,Zone_005,37.75598777,-122.3799995,8.49,195.1,19.9,43.2,54.05,271.15,10,1,1.73,428.08,18.97,-28.7
13-01-2026 20:00,Zone_007,37.73409044,-122.4170939,7.02,165.4,18.4,52.1,155.96,1156.01,-22,0,0.51,526.58,101.29,78.37
13-01-2026 21:00,Zone_001,37.71097939,-122.4405169,9.66,179.6,24.2,61,111.98,141.56,-23,0,1.16,463.72,59.63,-33.62
13-01-2026 22:00,Zone_003,37.79051729,-122.4802427,8.95,26,31.5,49.2,325.47,1175.4,13,1,2.81,736.3,105.25,48.14
13-01-2026 23:00,Zone_002,37.80023192,-122.3702056,7.52,246.4,12,63.5,124.95,105.11,27,0,4.71,650.26,19.82,41.05
14-01-2026 00:00,Zone_009,37.79292355,-122.476409,6.11,181.2,11.8,40.7,287.88,1061.04,9,0,2.56,662.28,100.5,20.92
14-01-2026 01:00,Zone_010,37.76952411,-122.4535318,2.03,275.5,31.3,93.6,315.55,438.06,-28,1,0.56,552.59,27.56,-8.26
14-01-2026 02:00,Zone_006,37.75696787,-122.4564932,3.51,174.7,15.3,37,184.12,1132.45,-18,0,3.14,438.49,46.72,10.59
14-01-2026 03:00,Zone_010,37.82950005,-122.3692879,5.32,53.8,26.7,90.6,65.78,448.64,-12,0,3.66,493.35,13.17,70.96
14-01-2026 04:00,Zone_003,37.77786227,-122.3990946,7.39,233.4,23.6,89.4,66.76,819.74,3,0,1.97,490.9,23.61,64.23
14-01-2026 05:00,Zone_008,37.77187728,-122.3804978,6.41,62.1,30.8,64.1,61.86,188.04,1,1,3.61,570.37,59.03,60.82
14-01-2026 06:00,Zone_008,37.70384631,-122.4624298,3.81,314.1,13.1,77.1,382.61,366.56,18,0,1.62,561.34,100.02,62.47
14-01-2026 07:00,Zone_002,37.75118717,-122.4062689,0.57,220.7,13.2,58.3,193.1,951.05,-15,0,3.95,551.69,95.1,-28.42
14-01-2026 08:00,Zone_006,37.75702934,-122.4142381,6.21,56.6,23.9,71,408.34,681.55,5,1,1.71,573.59,35.88,-35.14
14-01-2026 09:00,Zone_007,37.75982342,-122.3750754,3.78,346.4,33.7,52.1,244.28,1120.77,-13,1,1.28,745.46,26.69,79.22
14-01-2026 10:00,Zone_002,37.78702586,-122.3640869,8.95,186.6,20.4,49.6,253.85,571.63,-17,1,4.4,504.42,52.82,75.58
14-01-2026 11:00,Zone_010,37.78004038,-122.4981765,0.78,26.2,18.2,67.6,280.8,1056.79,-1,0,2.74,615.34,107.16,52.2
14-01-2026 12:00,Zone_002,37.79118576,-122.398897,7.23,225.7,25.2,62.4,370.86,593.85,-29,0,1.43,483.83,20.06,40.89
14-01-2026 13:00,Zone_010,37.81473249,-122.4922246,11.33,91.2,33.3,67.7,173.08,1177.17,-18,0,4.68,563.31,69.72,5.03
14-01-2026 14:00,Zone_001,37.82194786,-122.4176712,2.51,289.3,30.9,48.6,104.71,1155.82,-4,0,3.45,470.02,19.77,-16.39
14-01-2026 15:00,Zone_008,37.80771846,-122.4568551,5.92,294.4,34.9,53.9,300.23,462.05,28,0,1.1,595.37,61.72,50.15
14-01-2026 16:00,Zone_001,37.84332855,-122.4539835,1.55,352.4,10.6,35.5,197.14,1074.52,22,0,3.07,492.75,23.95,86.96
14-01-2026 17:00,Zone_009,37.70273489,-122.4470562,7.7,180.7,12.8,33.4,249.12,1032.37,21,0,4.35,412.88,18.84,15.55
14-01-2026 18:00,Zone_006,37.7293667,-122.4068061,6.83,163.8,25.2,46.5,341.13,331.75,-14,1,3.48,685.34,30.99,-4.52
14-01-2026 19:00,Zone_007,37.70113443,-122.4498925,5.18,271.3,30.5,34.8,272.36,786.72,0,1,1.22,444.89,38.08,-9.39
14-01-2026 20:00,Zone_010,37.79712121,-122.3900951,6.5,47.7,17.1,36.7,329.13,179.95,-16,0,3.24,528.81,40.39,-46.44
14-01-2026 21:00,Zone_007,37.83470458,-122.4393209,10.81,196.9,16,82.8,294.89,1020.38,26,0,3.1,567.01,80.98,28.05
14-01-2026 22:00,Zone_010,37.73652234,-122.489747,2.76,196.6,29.7,32.5,382.91,292,-11,0,4.1,551.37,16.05,98.24
14-01-2026 23:00,Zone_003,37.83905518,-122.382436,0.76,32.2,11.4,72.8,367.67,177.9,-26,0,0.89,653.98,18.89,72.29
15-01-2026 00:00,Zone_002,37.70904011,-122.4571363,10.41,150.5,19.2,47.7,290.39,540.24,-24,0,3.5,608.87,30.76,84.62
15-01-2026 01:00,Zone_009,37.8401654,-122.435085,7.14,307.2,22.6,86.7,355.51,734.61,-13,0,0.14,503.38,105.93,43.17
15-01-2026 02:00,Zone_008,37.7527434,-122.3971834,10.74,308.2,24,61.5,443.1,1040.41,25,1,3.48,418.1,79.15,22.22
15-01-2026 03:00,Zone_010,37.71521312,-122.4501316,7.36,35.7,28.2,49.9,244.52,1171.67,-20,1,4.8,668.66,90.34,98.57
15-01-2026 04:00,Zone_007,37.77288076,-122.4915122,9.82,32.7,18.9,63.6,235.74,583.44,1,1,0.87,523.38,50.74,17.07
15-01-2026 05:00,Zone_009,37.73851649,-122.4439118,5.44,94.6,25.3,54.8,393.91,166.49,19,1,1.56,711.4,33.45,87.52
15-01-2026 06:00,Zone_004,37.74273094,-122.3583327,9.12,314.9,24.6,66.7,312.15,924.03,-4,1,2.91,538.27,14.18,64.28
15-01-2026 07:00,Zone_004,37.74609349,-122.4037398,11,46.4,23.7,37.4,81.95,721.69,-5,1,3.66,651.18,63.74,-0.35
15-01-2026 08:00,Zone_001,37.82045388,-122.3992781,7.08,259.2,26,94.8,451.45,592.68,6,0,1.72,728.85,73.17,25.46
15-01-2026 09:00,Zone_008,37.78087419,-122.4051577,2.58,36.4,16.5,57.7,63.85,440.2,14,0,3.32,627.9,108.67,7.65
15-01-2026 10:00,Zone_003,37.74669615,-122.4701512,3.59,224.3,12.1,52.6,386.78,652.64,-3,1,4.5,544.72,107.03,-29.57
15-01-2026 11:00,Zone_007,37.79155007,-122.4372499,2.78,128.2,13,76.2,391.46,472.55,19,0,3.63,598.59,56.72,3.51
15-01-2026 12:00,Zone_002,37.8074226,-122.387359,3.34,284,15.6,53.7,478.9,932.71,-29,1,3.56,590.21,56.59,83.35
15-01-2026 13:00,Zone_002,37.7408936,-122.4847941,4.02,84.1,22.5,84.2,74.36,698.28,-11,1,1.91,604.69,27.72,62.9
15-01-2026 14:00,Zone_007,37.76203237,-122.4583221,6.88,230.1,31,59.5,318.59,1064.53,-27,1,4.56,451.39,38.32,-8.36
15-01-2026 15:00,Zone_006,37.71828291,-122.4585521,7.26,84.8,27.5,76.8,242.53,697.9,-18,0,1.39,644.48,111.82,5.19
15-01-2026 16:00,Zone_003,37.7271724,-122.4351972,5.4,256.9,29.7,37,198.78,362.09,-7,0,1.03,450.77,25.51,42.47
15-01-2026 17:00,Zone_009,37.80216768,-122.3529447,7.58,314.5,18.8,85,90.64,1036.2,30,1,1.82,405.12,116.56,12.42
15-01-2026 18:00,Zone_010,37.72721575,-122.4898746,1.44,45.6,20.1,77.8,303.19,712.94,17,1,3.25,618.67,65.52,25.46
15-01-2026 19:00,Zone_006,37.77877451,-122.4221949,1.51,312,19.8,43.8,265.57,327.53,7,0,4.31,440.92,60.23,54.73
15-01-2026 20:00,Zone_010,37.80635694,-122.4730953,2.48,213.7,14.8,39.4,97.05,785.86,27,1,0.66,669.64,29.21,20.09
15-01-2026 21:00,Zone_010,37.71603154,-122.3543985,6.46,45.8,11.5,50.6,325.62,493.49,9,1,4.07,703.09,82.77,-21.35
15-01-2026 22:00,Zone_006,37.78509683,-122.4830045,2.96,153.9,24.8,93.4,382.08,1028.85,17,0,4.06,730.66,60.58,28.09
15-01-2026 23:00,Zone_001,37.73848442,-122.4394598,3.76,57.9,34.7,46.7,395.28,598.63,14,1,2.93,632.57,50.77,3.42
16-01-2026 00:00,Zone_004,37.84443903,-122.3893173,5.1,252.1,14.2,59.6,457.42,899.09,24,0,3.8,568.71,39.1,-6.39
16-01-2026 01:00,Zone_010,37.77253185,-122.3943168,9.84,273.2,11.2,32,234.26,205.09,-2,0,0.91,523.3,17.31,-0.78
16-01-2026 02:00,Zone_006,37.82089888,-122.4365907,0.66,38.1,29.5,55.8,478.88,535.63,27,0,0.85,571.82,67.13,15.85
16-01-2026 03:00,Zone_006,37.78253398,-122.4480214,7.97,182.2,16.3,67.1,439.44,1181.57,5,1,4.31,466.62,44.42,82.99
16-01-2026 04:00,Zone_005,37.70651188,-122.4403581,8.19,293.3,30.7,92,183.43,989.31,-29,1,2.49,521.95,87.87,60.11
16-01-2026 05:00,Zone_001,37.79497271,-122.4603586,9.68,337,27.6,63.6,121.68,275.93,10,0,1.23,651.28,89.59,50.18
16-01-2026 06:00,Zone_008,37.8427105,-122.4692001,11.23,184.9,33.6,83.2,245.93,405.54,-13,1,3.44,476.1,46.53,20.69
16-01-2026 07:00,Zone_005,37.79024177,-122.427544,0.73,342.1,20.2,65.6,230.85,462.8,18,1,4.46,492.42,83.6,-49.73
16-01-2026 08:00,Zone_005,37.82287833,-122.4597199,2.27,192.8,26.5,32.7,309.07,815.4,-23,1,3.16,662.26,38.45,1.08
16-01-2026 09:00,Zone_007,37.83263097,-122.4568808,10.69,141.9,21.6,50.5,312.52,932.69,27,0,1.74,462.24,89.99,71.98
16-01-2026 10:00,Zone_004,37.73421197,-122.4014866,5.77,305.4,25.8,67.4,387.49,924.48,-16,0,2.42,486.06,11.77,8.23
16-01-2026 11:00,Zone_006,37.73180673,-122.3547194,6.99,177.5,21.2,91.8,279.45,660.86,10,0,3.76,406.14,26.68,34.57
16-01-2026 12:00,Zone_004,37.79164715,-122.4094544,8.12,169.9,14.7,85.8,97.17,991.9,-14,1,0.34,652.02,36.95,-19.29
16-01-2026 13:00,Zone_003,37.76165427,-122.4884531,8.31,176.5,22.7,44.8,436.23,580.79,-8,0,1.09,616.27,95.02,87.38
16-01-2026 14:00,Zone_007,37.8259792,-122.4886625,11.22,304.8,23.2,44.3,189.39,236.27,-29,1,2.31,643.03,17.3,88.48
16-01-2026 15:00,Zone_008,37.83500347,-122.3572865,11.96,299.5,30.3,43.1,487.08,720.89,-25,1,3.02,475.01,30.69,-28.09
16-01-2026 16:00,Zone_004,37.75301321,-122.4554064,8.78,145.3,28.4,90,103.04,1147.53,-2,1,1.7,640.58,49.45,58.62
16-01-2026 17:00,Zone_002,37.73553058,-122.48619,3.8,120,26.6,85.4,481.21,972.29,-4,1,1.49,608.73,11.01,-38.71
16-01-2026 18:00,Zone_010,37.81707883,-122.4101433,10.62,177.1,12.8,80.4,90.96,736.57,6,0,0.21,528.14,93.83,39.78
16-01-2026 19:00,Zone_003,37.74122091,-122.4064527,1.07,206.2,28,55.5,153.97,811.49,18,1,0.16,553.24,71.61,-23.2
16-01-2026 20:00,Zone_001,37.82339215,-122.4027243,3.16,85.8,22.5,62.8,70.96,1123.62,3,0,1.39,598.77,109.07,-28.14
16-01-2026 21:00,Zone_008,37.76356074,-122.4598897,10.82,285.8,32.4,60.2,367.3,571.18,-13,1,2.65,572.65,13.41,-49.38
16-01-2026 22:00,Zone_003,37.80013248,-122.4977334,3.45,175.1,33,46.5,432.63,464.53,11,1,2.78,624.64,39.85,91.13
16-01-2026 23:00,Zone_010,37.7143303,-122.3552477,3.04,120.3,11.4,62.8,245.33,1174.97,-21,1,2.47,463.34,90.44,74.39
17-01-2026 00:00,Zone_007,37.7935789,-122.462366,2.09,38.5,30.5,32,467.83,1049.79,7,1,2.05,589.25,84.27,-38.38
17-01-2026 01:00,Zone_010,37.76776515,-122.3985961,10.38,86,10.9,38.6,315.63,455.35,28,0,1.26,557.6,36.74,39.91
17-01-2026 02:00,Zone_005,37.78799127,-122.3940055,6.25,341.7,19.2,87.6,333.5,610.16,13,0,2,561.36,75.53,-15.07
17-01-2026 03:00,Zone_010,37.72520213,-122.4084989,8.26,109.8,23.6,78.9,430.44,556.59,-14,1,0.69,564.28,97.31,-10.4
17-01-2026 04:00,Zone_005,37.81053106,-122.4530639,3.25,60.8,13.7,57.5,183.56,264.01,28,0,0.58,708.52,13.67,81.13
17-01-2026 05:00,Zone_007,37.82941956,-122.4593356,9.22,165.8,28.7,63.6,209.42,1153.6,-18,0,1.5,686.52,88.94,-32.85
17-01-2026 06:00,Zone_009,37.73251097,-122.4103498,9.24,110.6,10.2,54,457.68,544.74,21,0,4.98,620.35,37.73,40.22
17-01-2026 07:00,Zone_005,37.71435718,-122.3700857,4.09,12.7,14.2,78.2,455.43,1062.86,29,0,1.63,650.77,114.26,10.19
17-01-2026 08:00,Zone_001,37.70354579,-122.3579899,5.22,116.3,24.5,81,489.42,308.29,17,0,4.68,414.98,69.2,-21.38
17-01-2026 09:00,Zone_010,37.79629573,-122.4841141,2.91,195.9,27.9,79.6,455.83,702.66,11,1,1.96,660.4,13.67,17.79
17-01-2026 10:00,Zone_010,37.79106411,-122.4767757,11.73,198.6,32.9,77,107.32,126.36,-4,1,2.2,570.16,54.38,91.07
17-01-2026 11:00,Zone_001,37.78200461,-122.3582896,7.92,128.4,27.6,43.3,420.68,940.64,22,0,3.99,511.21,116.29,67.24
17-01-2026 12:00,Zone_002,37.73479206,-122.3895197,11.25,161,26.8,52,234.43,739.01,-29,1,0.47,448.92,90.34,-30.18
17-01-2026 13:00,Zone_006,37.7586359,-122.3675509,3.99,347.6,19.9,60.5,495.86,788.15,3,0,0.91,426.32,43.05,77.41
17-01-2026 14:00,Zone_009,37.78917145,-122.4696051,9.49,135.8,10,51.5,262.53,156.89,0,0,4.87,415.71,73.28,90.62
17-01-2026 15:00,Zone_008,37.77451503,-122.4118621,9.31,93,13,79.1,299.23,332.14,-8,1,2.53,456.63,75.9,-8.46
17-01-2026 16:00,Zone_005,37.84816783,-122.3948291,8.45,87.6,23.4,51.4,288.4,181.76,-24,1,0.22,410.55,12.57,0.01
17-01-2026 17:00,Zone_001,37.72046596,-122.3979832,11.6,164.8,26.9,39,194.78,417.81,7,0,0.24,656.42,29.67,-31.05
17-01-2026 18:00,Zone_007,37.80427168,-122.4387772,5.03,273.4,20.4,55.9,83.76,790.18,2,1,4.54,487.01,70.7,1.74
17-01-2026 19:00,Zone_005,37.76064782,-122.4976908,2,74.2,28.3,93.7,453.04,722.8,-19,1,4.37,529.06,54.3,50.97
17-01-2026 20:00,Zone_006,37.76422994,-122.4125611,8.22,255.3,23,44.7,411.2,773.36,14,0,2.29,687.95,30.9,-9.18
17-01-2026 21:00,Zone_007,37.80763966,-122.4620348,8.89,7.6,11.9,69.8,112.79,704.18,-19,0,0.82,440.13,94.99,-48.98
17-01-2026 22:00,Zone_003,37.80386542,-122.4324619,7.11,150.8,14.8,58.1,399.55,400.33,-12,1,4.15,692.46,63.79,0.78
17-01-2026 23:00,Zone_010,37.8486884,-122.3563628,2.88,279.3,31,34.6,331.63,368.96,-22,0,1.62,623.84,44.1,17.98
18-01-2026 00:00,Zone_003,37.71925914,-122.4401447,6.3,121.9,28.1,61.7,234.11,250.77,-21,0,2.1,519.71,27.78,34.95
18-01-2026 01:00,Zone_005,37.71561645,-122.3740298,4.09,202.9,32.4,75.6,164.31,1033.98,-14,1,3.41,441.23,77.23,52.57
18-01-2026 02:00,Zone_006,37.80865082,-122.4717189,5.42,73.8,12.9,63.4,436.88,778.13,19,0,1.77,432.02,83.29,-40.73
18-01-2026 03:00,Zone_009,37.78675804,-122.3991309,7.92,267.1,34.8,86.7,365.08,305.16,9,0,3.14,517.43,83.66,20.46
18-01-2026 04:00,Zone_005,37.7411241,-122.353449,9.07,18.8,15.2,48.8,296.48,294.93,8,0,4.43,449.12,34.23,-10.05
18-01-2026 05:00,Zone_001,37.71191291,-122.484716,3.17,306.9,10.3,35.6,324.31,1060.34,10,1,3.99,493.7,75.49,92.2
18-01-2026 06:00,Zone_004,37.71284874,-122.498752,5.16,71.4,34.9,90.9,90.98,917,-21,0,1.91,418.53,109.59,3.98
18-01-2026 07:00,Zone_005,37.83412863,-122.4349626,3.6,314.8,17,54.6,263.26,825.34,-19,0,1.44,608.25,48.85,-34.98
18-01-2026 08:00,Zone_010,37.7287801,-122.4861062,2.78,126.9,26.7,67.5,137.17,547.55,-16,0,1.43,450.85,33.18,-43.78
18-01-2026 09:00,Zone_010,37.74850573,-122.3877423,9.51,260.2,14.4,81.5,143.77,388.17,0,0,1.74,664.86,94.94,-10.19
18-01-2026 10:00,Zone_005,37.73399846,-122.3628177,10.96,114.9,24.5,51.1,347.59,1177.4,-16,1,2.47,476.36,29.46,-23.17
18-01-2026 11:00,Zone_007,37.75324945,-122.4348969,4.76,326.1,32.6,76.6,460.07,976.96,-3,1,2.08,679.29,37.91,47.47
18-01-2026 12:00,Zone_004,37.71041358,-122.4611933,9.14,45.6,18,38.8,231.69,431.96,-27,0,0.67,466.46,21.07,77.04
18-01-2026 13:00,Zone_001,37.77785897,-122.4348395,10.82,64.3,26.8,48.9,143.49,1032.32,5,1,0.82,652.48,39.47,-3.12
18-01-2026 14:00,Zone_005,37.71014188,-122.3914828,10.23,177.5,14.7,39.4,341.94,934.83,24,1,1.71,516.58,55.14,36.67
18-01-2026 15:00,Zone_007,37.82005348,-122.4986419,2.6,29.5,25.6,82.7,442.03,426.79,-30,1,2.81,604.09,17.06,59.55
18-01-2026 16:00,Zone_010,37.73505681,-122.4115819,11.5,70.6,18.4,44.5,386.74,569.21,27,0,2.96,413.53,105.89,9.77
18-01-2026 17:00,Zone_010,37.78100179,-122.4080062,4.83,339.8,15.3,76.6,440.94,304.55,13,0,2.43,573.34,66.5,-40.05
18-01-2026 18:00,Zone_006,37.83201186,-122.4043468,4.4,351.5,17.8,91.3,291.45,222.16,26,1,3.69,452.04,74.69,-15.62
18-01-2026 19:00,Zone_005,37.79763161,-122.4636967,1.22,135.5,14.5,64.3,388.34,895.04,3,0,3.69,570.21,50.84,82.46
18-01-2026 20:00,Zone_004,37.77994367,-122.3928921,6.09,332.4,32.5,65.1,113.03,394.26,16,0,2.14,449.48,83.68,73.67
18-01-2026 21:00,Zone_002,37.74865006,-122.4862913,1.75,196.1,19.9,60,206.72,1002.07,-14,1,0.62,552.98,57.5,-37.02
18-01-2026 22:00,Zone_004,37.74995029,-122.4701094,3.36,97.1,16.1,51.2,225.3,1195.17,8,1,2.65,438.72,93.74,-16.41
18-01-2026 23:00,Zone_010,37.80042304,-122.3683795,4.14,252.9,21.2,60.9,280.08,184.28,7,0,1.91,476.98,100.35,65.37
19-01-2026 00:00,Zone_010,37.8491209,-122.3891915,9.8,237.2,18,69.2,468.08,620.34,13,1,0.69,608.28,83.9,22.88
19-01-2026 01:00,Zone_003,37.79927588,-122.4979382,10.57,356.1,28.6,94.1,443.43,982.27,20,0,4.91,741.83,64.05,64
19-01-2026 02:00,Zone_010,37.78366751,-122.4627436,3.98,95.4,34.3,91,110.54,967.85,2,1,1.85,557.21,96.05,-18.34
19-01-2026 03:00,Zone_001,37.80959758,-122.467839,10.38,241.9,21,86,127.76,936,29,0,3.13,640.51,64.37,92.9
19-01-2026 04:00,Zone_008,37.76978084,-122.4593791,10.36,18.7,31.5,87.8,210.94,483.89,-10,0,2.45,588.8,22.27,67.54
19-01-2026 05:00,Zone_005,37.70902135,-122.462866,9.29,40.9,24.1,60.4,180.83,599.24,-5,0,0.71,574.43,22.8,-20.38
19-01-2026 06:00,Zone_004,37.78434452,-122.4906211,2.19,1.4,13.9,72.7,326.65,754.47,15,0,0.28,422.65,114.34,33.77
19-01-2026 07:00,Zone_008,37.84364379,-122.4311589,8.44,359.8,27.3,88.2,456.25,1171.33,5,0,3.13,450.5,33.49,-33.04
19-01-2026 08:00,Zone_007,37.72629544,-122.39009,11.37,288.8,22.8,55.5,483.03,460.3,-26,0,1.24,709.07,99.75,4.22
19-01-2026 09:00,Zone_002,37.80350073,-122.4089902,8.35,283.2,26.3,92.5,344.12,1115.46,2,1,1.22,543.56,37.14,48.94
19-01-2026 10:00,Zone_001,37.73014005,-122.3990692,4.31,183.5,32.2,57,427.17,396.29,-30,0,4.78,615.02,57.39,-0.48
19-01-2026 11:00,Zone_004,37.78037415,-122.4878276,6.26,108,21,69.1,286.34,1187.98,22,1,2.31,584.88,82.04,48.51
19-01-2026 12:00,Zone_008,37.71450147,-122.3572764,7.93,54.5,32.5,76.1,143.75,837.29,-25,0,0.15,532.61,27.48,-13.28
19-01-2026 13:00,Zone_002,37.76755564,-122.3742262,6.37,102.5,28.8,91.8,286.11,609.86,6,1,1.7,535.74,91.1,58.18
19-01-2026 14:00,Zone_003,37.8134245,-122.3792365,1.88,135.3,22.2,45.9,299.79,774.73,-29,0,2.92,594.41,85.89,3.94
19-01-2026 15:00,Zone_001,37.75213573,-122.3765524,4.09,272.3,25.1,78.5,384.11,399.78,26,0,1.64,449.4,69.74,68.57
19-01-2026 16:00,Zone_001,37.79973676,-122.3600934,9.73,194.3,18.1,63.9,148.95,401.59,22,0,0.13,535.54,72.25,-29.5
19-01-2026 17:00,Zone_003,37.81931749,-122.4183619,10.41,27.9,34.6,47.5,215.74,224.91,28,0,2.22,556.44,21.63,4.3
19-01-2026 18:00,Zone_005,37.83907667,-122.4699577,2.08,6.5,26.7,80.5,213.81,225.46,28,1,0.53,744.79,57.95,19.59
19-01-2026 19:00,Zone_003,37.73519631,-122.4074825,11.45,36.8,11.1,65.9,481.75,482.44,-26,1,3.1,523.01,19.52,13.58
19-01-2026 20:00,Zone_001,37.75989739,-122.3885678,4.28,147.8,18.2,73,249.78,939.14,-5,0,3.1,625.6,43.86,14.96
19-01-2026 21:00,Zone_001,37.7228624,-122.3893124,8.12,335.9,25.6,51,389.79,768.77,10,0,0.19,448.1,109.03,16.72
19-01-2026 22:00,Zone_008,37.84887253,-122.4217826,9.15,229.5,11.4,61.3,387.87,212.84,20,0,1.45,422.92,73.2,98.32
19-01-2026 23:00,Zone_010,37.83905015,-122.4897312,9.84,288.7,10.6,70.1,169.49,1037.46,22,0,2.07,705.04,91.7,-21.03
20-01-2026 00:00,Zone_002,37.78099357,-122.4443331,11.38,167.9,21.3,56.3,307.34,761.5,16,1,2.75,655.76,73.13,65.3
20-01-2026 01:00,Zone_003,37.82630499,-122.361885,4.1,130.2,18.3,42.9,452.44,1156.94,-18,0,1.48,511.12,31.37,32.77
20-01-2026 02:00,Zone_002,37.7781437,-122.4123327,10.37,39,21,92.5,263.84,837.2,-19,0,1.44,576.6,75.43,12.04
20-01-2026 03:00,Zone_003,37.79353785,-122.4192502,2.01,315.3,16.6,63.2,475.3,292.69,-26,0,4.92,447.51,93.09,45.03
20-01-2026 04:00,Zone_007,37.71336866,-122.459672,8.61,281.9,14.1,77.7,146.51,621.16,-29,0,0.21,647.51,25.22,78.03
20-01-2026 05:00,Zone_001,37.81329056,-122.4447327,9.03,60.5,27.2,56.7,83.37,813.35,28,0,4.95,424.62,99.86,20
20-01-2026 06:00,Zone_010,37.71915702,-122.3656981,8.29,184.4,22.9,53.1,451.15,131.09,-27,0,0.24,664.96,71.09,79.72
20-01-2026 07:00,Zone_008,37.82391014,-122.4000305,3.4,175.5,15,56.5,431.46,116.4,28,0,1.44,591.39,10.47,-35.93
20-01-2026 08:00,Zone_010,37.81730421,-122.3818919,10.54,225,18,56.6,496.67,242.34,-4,0,2.47,497.6,67.18,47.96
20-01-2026 09:00,Zone_010,37.8063117,-122.4318482,2.44,340.6,24.8,65.4,355.73,376.83,19,0,0.72,701.9,53.52,-0.02
20-01-2026 10:00,Zone_010,37.70542406,-122.4054629,1.12,208.7,11.8,65.3,471.51,572.5,22,1,0.67,745.13,42.61,8.01
20-01-2026 11:00,Zone_002,37.74546925,-122.4627425,8.75,194.5,13.7,62.3,422.13,636.18,-21,0,1.28,489.02,94.84,35.65
20-01-2026 12:00,Zone_003,37.73946689,-122.3941809,5.97,18.1,11.8,38.8,429.99,251.83,-18,0,4.87,682.19,108.94,21.99
20-01-2026 13:00,Zone_009,37.75402046,-122.4358598,10.26,22.6,30.3,62.2,306.11,840.73,13,0,1.9,662.56,93.89,7.27
20-01-2026 14:00,Zone_007,37.71314641,-122.4336182,4.91,67.4,28.8,41,222.06,755.75,-29,0,2.83,661.52,103.14,-3.75
20-01-2026 15:00,Zone_004,37.84054367,-122.4026017,2.44,11.7,28.8,38.2,470.55,423.91,-5,0,3.52,735.03,109.97,42.75
20-01-2026 16:00,Zone_010,37.78307034,-122.3595579,10.12,267.6,27.9,90.6,244.45,115.03,-16,1,3.71,570.32,110.39,25.84
20-01-2026 17:00,Zone_005,37.74582865,-122.490399,6.81,260.4,26.7,69.3,292.47,185.41,15,1,3.44,635.96,22.61,-1.5
20-01-2026 18:00,Zone_002,37.75954723,-122.3762885,2.68,49,21.9,72.9,250.75,530.86,26,0,1.68,688.36,60.2,-19.26
20-01-2026 19:00,Zone_008,37.76708038,-122.4561425,8.78,301,26.1,56.1,304.17,269.37,-21,1,0.56,567.84,10.03,66.17
20-01-2026 20:00,Zone_004,37.79008915,-122.4334121,6.38,55.7,11,89.1,261.73,514.5,-9,0,1.41,568.5,65.71,69.96
20-01-2026 21:00,Zone_009,37.77735191,-122.496713,7.45,108.4,25.5,71.5,71.59,791,9,0,1.05,511.53,111.67,-17.93
20-01-2026 22:00,Zone_005,37.8379088,-122.4548431,5.8,89.6,29.4,80,446.92,701.96,-6,1,0.68,673.29,31.9,-10.75
20-01-2026 23:00,Zone_009,37.77454452,-122.4246053,10.03,134,22.5,54,249.98,354.29,-16,1,0.12,640.17,80.38,-14.13
21-01-2026 00:00,Zone_004,37.8488237,-122.4915736,10.04,91.7,18.9,92.4,315.02,478.2,-18,1,4.68,557.9,80.88,82.69
21-01-2026 01:00,Zone_010,37.82771374,-122.4263356,8.66,176,16.9,83.3,112.63,775.43,-23,0,4.61,546.77,27.64,66.12
21-01-2026 02:00,Zone_005,37.73127658,-122.3609334,1.71,146.7,26.1,85.5,51.52,1046.94,-10,0,0.25,425.41,36.24,-38.81
21-01-2026 03:00,Zone_009,37.83958928,-122.484191,10.15,355.2,27.3,41.2,160.38,928.53,-10,0,0.87,402.28,60.82,74.9
21-01-2026 04:00,Zone_008,37.71745496,-122.3853339,8.22,20.1,31.8,47.6,367.06,708.74,-9,1,0.7,585.11,30.7,-44.47
21-01-2026 05:00,Zone_003,37.82261746,-122.4385493,8.52,51.2,18.6,48.6,94.64,498.52,15,0,1.41,546.12,74.35,-12.02
21-01-2026 06:00,Zone_001,37.75709349,-122.4017239,4.67,19,29.2,47.6,459,501.56,2,1,1.02,678.61,63.3,87.85
21-01-2026 07:00,Zone_003,37.83169615,-122.4609645,10.61,225.3,24,85.6,146.76,1067.36,14,0,4.73,589.93,67.11,79.65
21-01-2026 08:00,Zone_004,37.8302085,-122.4760762,8.84,19.6,32.1,32.1,142.07,143.17,-4,0,0.42,727.85,24.79,67.22
21-01-2026 09:00,Zone_002,37.82088881,-122.4759306,1.79,301.1,23.2,34.9,131.68,1186.78,9,1,1.06,468.65,66.9,18.63
21-01-2026 10:00,Zone_001,37.81850457,-122.4894262,5.19,184.3,22.9,47.8,56.29,830.81,19,1,0.4,746.55,15.44,-1.79
21-01-2026 11:00,Zone_007,37.74570187,-122.472153,10.69,189.7,24.4,43,397.31,849.25,-9,0,4.9,504.27,106.97,82.23
21-01-2026 12:00,Zone_008,37.71213789,-122.4003671,1.04,202.2,28.7,45.1,443.77,141.8,-1,1,4.59,624.85,47.76,48.56
21-01-2026 13:00,Zone_007,37.76044703,-122.3677464,11.56,61.5,34.1,81.9,326.37,766.08,-22,0,3.58,575.65,104.2,-5.67
21-01-2026 14:00,Zone_005,37.72602868,-122.3778811,8.31,71.2,11.8,66.6,134.69,633.26,14,0,2.13,525.85,87.18,19.48
21-01-2026 15:00,Zone_001,37.80424266,-122.3972299,7.76,114.8,11.3,30.4,178.38,216.36,4,1,0.95,448.76,94.28,82.23
21-01-2026 16:00,Zone_007,37.75191496,-122.4834352,3.61,213.7,33.4,57.9,264.17,405.71,-13,1,1.11,447.19,44.6,85.52
21-01-2026 17:00,Zone_007,37.84634153,-122.4566219,3.36,75.6,23.2,56.5,479.46,1079.35,11,1,2.22,649.03,35.05,48.9
21-01-2026 18:00,Zone_009,37.79614581,-122.453529,11.33,41.9,25.4,37.4,161.31,704.99,-26,1,3.84,532.17,54.74,59.88
21-01-2026 19:00,Zone_003,37.82337208,-122.4625065,3.93,349.2,22.1,73.9,379.24,554.76,-4,1,1.32,736.45,12.66,-44.11
21-01-2026 20:00,Zone_009,37.7198787,-122.4227492,9.42,7.9,12.3,75.6,247.75,179.95,26,1,1.55,513.98,111.06,40.69
21-01-2026 21:00,Zone_001,37.82930217,-122.4196669,5.02,289,29.2,76.9,184.03,885.53,-25,0,3,744.23,52.57,53.35
21-01-2026 22:00,Zone_001,37.83841358,-122.4464671,2.1,283.7,28.7,77.4,255.16,873.14,1,1,1.19,471.9,118.74,-46.94
21-01-2026 23:00,Zone_004,37.77305929,-122.4469316,0.62,107,17.8,30,82.04,775.45,-23,1,2.92,435.99,93.76,76.58
22-01-2026 00:00,Zone_009,37.79093794,-122.3757167,6.76,48.8,17.7,92,409.41,661.29,25,0,1.94,509.4,18.86,89.24
22-01-2026 01:00,Zone_006,37.81472147,-122.3816061,11.72,52.4,30.9,82.9,159.49,577.16,8,0,0.17,709.95,82.62,-14.31
22-01-2026 02:00,Zone_003,37.72622579,-122.4538306,4.75,251.1,11.8,88.8,376.44,752.6,-10,0,2.01,582.65,39.79,76.87
22-01-2026 03:00,Zone_001,37.77538491,-122.3629317,4.61,231.4,32,31,80.76,356.73,-13,1,4.6,447.48,36.81,49.83
22-01-2026 04:00,Zone_004,37.75979945,-122.3570777,4.46,281.8,16.4,90.7,479.79,1135.38,-17,0,1.47,470.87,38.22,37.1
22-01-2026 05:00,Zone_009,37.7219561,-122.4509886,6.49,337.5,24.8,82.6,136.86,747.67,-16,1,1.61,508.94,110.77,76.47
22-01-2026 06:00,Zone_003,37.75513016,-122.4468363,5.57,249.1,33.4,84.4,447.23,442.31,11,0,0.33,606.56,65,-7.16
22-01-2026 07:00,Zone_009,37.71022585,-122.4241549,10.62,56.1,27,36.1,414.26,594.65,-5,0,3.08,516.33,83.64,68.63
22-01-2026 08:00,Zone_007,37.70387179,-122.3588319,6.31,87.6,20.4,78,485.54,986.25,22,1,4.25,661.47,40.9,-2.82
22-01-2026 09:00,Zone_004,37.72027494,-122.3685521,6.34,303.2,27.2,92.4,265.05,277.78,13,0,1.76,615.7,67.52,68.12
22-01-2026 10:00,Zone_003,37.84446727,-122.4846148,2.09,75.4,18.6,74.1,377.33,422.12,1,0,1.2,705.84,48.51,17.66
22-01-2026 11:00,Zone_010,37.78242943,-122.4410904,11.8,26.1,16.9,67.1,216.82,847.46,8,0,4.78,575.34,45.33,-32.46
22-01-2026 12:00,Zone_005,37.84487332,-122.4169943,3.37,253.2,34.9,91.5,132.97,447.04,-3,1,3.73,515.91,37.17,7.23
22-01-2026 13:00,Zone_005,37.76487468,-122.4245301,1.34,144.9,28.8,58.8,249.38,971.75,29,1,2.84,748.7,54.99,-14.98
22-01-2026 14:00,Zone_003,37.74677242,-122.4709205,8.13,331.2,26.1,69,124.59,243.5,8,1,1.53,524.47,82.6,-34.92
22-01-2026 15:00,Zone_009,37.77592128,-122.3711775,7.35,234.1,18.9,61,491.92,938.95,12,1,1.1,550.01,34.42,-33.46
22-01-2026 16:00,Zone_004,37.76592675,-122.3984589,5.27,32.6,11.2,90.6,93.31,175.19,1,0,3.58,683.19,116.2,67.01
22-01-2026 17:00,Zone_005,37.7158497,-122.3743137,5.36,341.2,10.8,34.9,315.15,113.85,-18,0,2.61,431.02,23.71,82.21
22-01-2026 18:00,Zone_004,37.79612395,-122.3711854,9.53,93.1,23.9,62.6,331.91,1088.05,-16,0,2.6,535.27,62.82,89.07
22-01-2026 19:00,Zone_005,37.73240573,-122.3877466,2.75,121.4,29.1,74.7,292.14,739.47,-13,0,0.37,430,19.35,78.09
22-01-2026 20:00,Zone_007,37.79293819,-122.4341184,9.93,144.8,23.4,81.5,347.98,487.01,8,0,2.56,448.76,12.49,74.53
22-01-2026 21:00,Zone_009,37.79753016,-122.408418,7.96,18.4,31,67.9,102.28,355.85,-25,0,4.11,401.62,111.49,-39.67
22-01-2026 22:00,Zone_007,37.72280373,-122.4759452,5.32,178.7,10.8,89.1,299.76,778.57,24,1,4.73,403.34,99.14,68.52
22-01-2026 23:00,Zone_005,37.70920244,-122.3989532,5.77,44.4,19.2,91.2,179.25,659.9,-20,0,0.53,533.1,86.36,67.49
23-01-2026 00:00,Zone_010,37.81711424,-122.473112,3.45,144.3,15.9,34.2,473.08,1190.76,1,1,3.16,683.21,105.17,-30.31
23-01-2026 01:00,Zone_010,37.76897006,-122.3959076,9.15,126.3,21.2,56.2,392.93,1181.54,9,1,2.84,605.45,98.31,49.3
23-01-2026 02:00,Zone_007,37.70872457,-122.4655603,6.4,278.2,11.8,31.5,487.63,798.53,-11,1,4.45,622.22,81.2,17.88
23-01-2026 03:00,Zone_010,37.84922995,-122.4823673,4.19,289.1,33.9,51.4,66.9,587.16,2,1,3.76,581.74,103.21,85
23-01-2026 04:00,Zone_005,37.70866708,-122.4752073,7.35,55.2,15.6,64.9,178.31,640.26,9,1,4.83,686.93,52.99,54.31
23-01-2026 05:00,Zone_003,37.80425528,-122.4997012,11.95,132,33.1,89.2,137.94,850.73,-23,0,4.8,708.13,70.8,92.65
23-01-2026 06:00,Zone_007,37.84755184,-122.3921891,5.51,134.4,20.6,85,55.02,211.73,20,0,1.13,697.41,95.39,-34.26
23-01-2026 07:00,Zone_002,37.73587702,-122.3901398,11.09,54.5,34.6,38.3,159.05,461.19,4,0,3.63,684.25,19.33,-43.91
23-01-2026 08:00,Zone_009,37.72133741,-122.42276,4.47,287.4,23.9,36,355.45,182.8,-26,0,2.65,463.95,104.45,96.04
23-01-2026 09:00,Zone_010,37.71820774,-122.4757956,1.13,254.6,33.3,68.3,153.99,180.7,4,1,1.07,607.86,27.25,-37.97
23-01-2026 10:00,Zone_010,37.74549127,-122.4874668,2.85,68.5,10.1,64.6,279.05,315.42,16,1,0.97,603.76,105.1,7.93
23-01-2026 11:00,Zone_001,37.71515687,-122.4971307,5.31,132,28.7,47.3,449.52,633.78,-17,1,0.41,584.78,44.25,47.5
23-01-2026 12:00,Zone_006,37.8038242,-122.4751378,3.03,38.1,32.6,88.5,362.19,963.25,-10,0,3.98,568.28,45.95,82.01
23-01-2026 13:00,Zone_007,37.70934377,-122.3663717,0.5,226.2,13.5,90.3,227.58,634.05,16,1,1.62,431.21,18.13,-11.81
23-01-2026 14:00,Zone_008,37.77641332,-122.4637695,11.02,43.7,12.4,56.2,217.61,469.02,-7,0,4.28,435.76,107.45,-45.64
23-01-2026 15:00,Zone_010,37.84950453,-122.4468593,10.2,354.9,20.6,87.9,255.08,190.59,-14,1,3.04,715.8,29.2,28.19
23-01-2026 16:00,Zone_009,37.82209554,-122.4841982,9.04,281,33.3,55,129.67,705.33,-13,0,3.37,620.57,79.31,20.67
23-01-2026 17:00,Zone_002,37.79228292,-122.4666458,2.43,140.5,23.6,77.9,335.3,398.4,3,0,1.46,491.81,80.84,-3.97
23-01-2026 18:00,Zone_010,37.74593804,-122.4221163,1.88,208.3,23.2,60.9,213.87,776.43,-19,0,2.29,497.76,40.93,81.08
23-01-2026 19:00,Zone_002,37.79358438,-122.4088371,1.28,328.1,13.5,38,433.56,1174.91,-15,1,2.06,613.57,118.42,62.4
23-01-2026 20:00,Zone_005,37.77905622,-122.4631972,8.83,199.5,10,90.3,390.45,222.45,-27,0,1.18,542.43,17.06,78.72
23-01-2026 21:00,Zone_005,37.76391251,-122.4913402,11.18,62.8,30.3,59.5,324.73,333.34,-6,0,4.16,554.46,76.87,-25.73
23-01-2026 22:00,Zone_006,37.71960656,-122.4413451,5.45,136.3,12.2,77.7,213.89,620.4,3,1,3.11,421.23,62.75,53.86
23-01-2026 23:00,Zone_003,37.83299063,-122.4648695,1.87,303.5,25.8,53.9,144.47,1165.48,-3,1,0.19,448.56,37,96.27
24-01-2026 00:00,Zone_008,37.7674677,-122.4670669,6.39,231.9,32.9,31.2,399.27,948.99,15,0,4.1,537.67,27.99,41.79
24-01-2026 01:00,Zone_001,37.72919338,-122.3560206,4.51,234.3,15.2,36.5,268.88,1088.05,-20,1,0.53,644.89,91.08,-24.3
24-01-2026 02:00,Zone_006,37.7551639,-122.4075549,4.81,312.1,26.6,62.3,151.14,467.09,-18,0,2.02,416.81,110.79,99.37
24-01-2026 03:00,Zone_004,37.76211946,-122.4164682,7.65,321.8,12,74.8,137.83,1191.24,0,0,2.86,517.1,21.83,29.25
24-01-2026 04:00,Zone_001,37.82413068,-122.4376337,8.77,331.1,25.1,51.8,124.43,213.12,29,0,0.04,643.28,31.34,76.01
24-01-2026 05:00,Zone_007,37.81004216,-122.4356583,1.77,34.1,14.1,75.2,399.72,158.27,-6,0,3.26,677.22,118.49,-27.6
24-01-2026 06:00,Zone_009,37.81539573,-122.4188642,0.91,195.9,28.4,75.4,153.04,1041.16,8,0,3.3,466.58,11.65,49.91
24-01-2026 07:00,Zone_004,37.70165469,-122.3955355,11.93,266.6,17.5,75.8,286.99,1119.99,-21,0,3.26,656.02,65.91,86.89
24-01-2026 08:00,Zone_004,37.7624231,-122.3946781,3.18,272.5,21.6,62,253.2,199.64,-7,0,0.82,734.39,66.77,29.8
24-01-2026 09:00,Zone_006,37.77220162,-122.4742459,1.12,218.4,25,89.5,310.82,224.77,-30,1,1.28,717.38,38.95,-6.7
24-01-2026 10:00,Zone_003,37.70287884,-122.4249831,2.68,60,14.3,61.8,444.72,136.49,30,1,1.24,676.28,82.93,-30.89
24-01-2026 11:00,Zone_006,37.73897198,-122.4382063,0.95,287.1,28.5,59.3,440.49,214.96,22,0,4.8,649.31,113.94,-5.61
24-01-2026 12:00,Zone_007,37.81404347,-122.369421,5.01,259.2,17.6,43,252.98,330.36,-6,0,0.34,482.3,59.52,3.23
24-01-2026 13:00,Zone_010,37.72056646,-122.4052872,9.73,31,26.6,50,56.91,1167.08,-3,1,2.14,621.87,92.44,56.49
24-01-2026 14:00,Zone_010,37.78029652,-122.4201244,4.42,167,14,32.8,241.9,834.65,5,1,4.36,625.15,81.07,-23.21
24-01-2026 15:00,Zone_003,37.73228028,-122.4826908,5.61,62.6,27.2,71.2,322.79,956.41,-13,1,3.85,542.39,62.02,-34.08
24-01-2026 16:00,Zone_007,37.70181812,-122.4091543,8.27,121.5,13.2,46.2,300.99,953.75,-25,0,4.11,572.56,15.48,8.04
24-01-2026 17:00,Zone_003,37.73618022,-122.4824194,6.35,6.5,20.6,49.8,343.1,688.58,-29,0,4.86,642.91,91.59,18.8
24-01-2026 18:00,Zone_002,37.84638106,-122.449419,10.41,144.1,16.2,80.1,119.33,977.24,-28,1,1.94,733.24,49.96,44.26
24-01-2026 19:00,Zone_010,37.82023057,-122.4785737,10.46,198,28.7,51.3,340.94,755.39,15,0,1.55,503.36,34.69,56.13
24-01-2026 20:00,Zone_004,37.8439365,-122.396189,0.61,223,16.6,45.7,132.19,446,-23,1,0.15,486.23,114.31,83.39
24-01-2026 21:00,Zone_008,37.77317811,-122.4690622,9.45,238.9,32,41,387.74,717.22,0,1,0.75,610.63,95.09,-6.66
24-01-2026 22:00,Zone_009,37.71646043,-122.4412211,5.8,301.1,32.3,80.4,202.59,686.86,17,0,2.81,445.78,115.85,29.29
24-01-2026 23:00,Zone_007,37.78219392,-122.3656488,11.87,77.6,14.9,38.4,369.45,1005.8,-12,0,0.79,603.89,38.18,4.91
25-01-2026 00:00,Zone_001,37.7681566,-122.4693525,6.06,43.4,25.3,59.5,71.54,1179.9,19,1,3.68,431.1,101.94,-49.79
25-01-2026 01:00,Zone_003,37.82665356,-122.4238292,11.85,306.6,12.2,63,233.54,552.15,-25,0,0.19,571.7,76.85,36.91
25-01-2026 02:00,Zone_009,37.71471239,-122.4371093,9.18,56.4,19.8,74.7,367.27,939.73,-17,0,1.3,617.15,117.97,72.37
25-01-2026 03:00,Zone_001,37.77323617,-122.4972814,3.36,350.9,27.8,71.2,152.09,209.74,-28,1,3.48,424.54,114.09,-44.53
25-01-2026 04:00,Zone_009,37.7225073,-122.3810863,6.69,303.3,26.5,82.7,407.88,954.51,17,1,1.28,472.43,117.03,-49.48
25-01-2026 05:00,Zone_008,37.74870139,-122.4896431,11.91,180.3,25.6,32.9,333.85,508.56,-30,0,3.64,517.38,114.69,59.17
25-01-2026 06:00,Zone_001,37.81060356,-122.4288617,10.36,353.3,17.1,49.3,314.4,143.33,13,0,4.98,529.01,10.84,52.58
25-01-2026 07:00,Zone_006,37.77140272,-122.4158983,1.62,35.1,19.5,48.2,209.1,499.57,-1,1,3.99,636.64,91.52,10.88
25-01-2026 08:00,Zone_005,37.75638324,-122.405736,8.62,109.1,12.6,39.5,267.1,771.71,15,1,1.71,585.16,39.91,49.24
25-01-2026 09:00,Zone_006,37.75917144,-122.3967053,4.47,229.8,28,48.8,318.81,231.18,-12,1,4.5,533.74,87.55,93.01
25-01-2026 10:00,Zone_010,37.76891702,-122.4620091,0.58,126,22.6,50.1,262.61,1116.44,23,1,0.26,557.74,117.87,-12.82
25-01-2026 11:00,Zone_005,37.81775248,-122.4985032,5.14,334.2,27.7,63.9,364.24,185.44,-12,0,3.63,404.54,14.33,-13.11
25-01-2026 12:00,Zone_006,37.8338127,-122.3914835,3.2,23.6,16.2,73.1,245.16,1123.01,-22,0,0.12,669.68,72.37,-22.07
25-01-2026 13:00,Zone_005,37.8433002,-122.4196515,9.92,197.8,18.1,54.8,141.02,877.85,-24,0,0.87,414.35,90.84,58.6
25-01-2026 14:00,Zone_005,37.81803551,-122.3745823,4.38,212.7,18.4,76.8,146.27,462.68,15,0,4.94,690.26,37.87,2.98
25-01-2026 15:00,Zone_004,37.74731103,-122.3767917,10.02,235,10.6,51.9,52.61,529.83,6,0,1.8,589.35,34.76,98.3
25-01-2026 16:00,Zone_003,37.80322021,-122.3735011,0.51,92,18.5,48.9,185.43,914.89,19,0,4.1,584.74,16.64,57.2
25-01-2026 17:00,Zone_003,37.76564047,-122.4272358,4.04,131.2,30.1,65.2,387.01,761.62,10,1,1.88,646.6,20.33,5.11
25-01-2026 18:00,Zone_004,37.73820059,-122.4499557,3.27,303.7,32.4,31.5,407.37,838.81,22,1,4.2,700.85,82.24,-27.62
25-01-2026 19:00,Zone_009,37.82613074,-122.3812663,3.19,70.2,23,35.2,141.11,528.08,-24,1,4.83,729.93,65.57,38.8
25-01-2026 20:00,Zone_002,37.70576395,-122.4323059,1.28,297.7,21.4,57.2,481.57,636.59,-22,0,2.18,590.18,13.31,-5.76
25-01-2026 21:00,Zone_009,37.8352643,-122.4724837,2.65,202.6,10.8,91.3,276.08,1188.85,-27,0,2.8,452.73,116.66,85.83
25-01-2026 22:00,Zone_001,37.76922162,-122.3717539,6.89,274.4,32,76.9,462.64,335.32,-6,0,3.14,707.52,82.17,16.21
25-01-2026 23:00,Zone_001,37.79558022,-122.367616,3.85,256.9,10.3,35.7,368.04,559.64,18,1,4.67,414.24,66.7,-6.1
26-01-2026 00:00,Zone_005,37.79890309,-122.4300535,5.3,74.7,33.6,85,375.1,421.01,-19,0,1.28,682.57,40,38.28
26-01-2026 01:00,Zone_006,37.83426766,-122.488645,4.83,204.8,22.2,77.6,88.27,941.62,-25,0,3.06,638.15,82.39,-29.45
26-01-2026 02:00,Zone_006,37.79550045,-122.4418261,10.57,312.4,18.5,69.7,149,940.41,-13,0,1.62,716.65,50.06,34.23
26-01-2026 03:00,Zone_003,37.79209004,-122.3794694,10.91,155.6,33.1,83.3,53.97,421.69,9,1,1.08,714.11,87.27,-41.58
26-01-2026 04:00,Zone_007,37.70999781,-122.3647339,6.17,348,10.6,56.3,372.26,189.53,-10,1,0.42,418.6,85.08,41.03
26-01-2026 05:00,Zone_009,37.7777612,-122.4694791,4.3,162.8,24.5,44.4,205,112.58,-16,1,3.1,613.31,20.2,29.52
26-01-2026 06:00,Zone_010,37.72252535,-122.489954,1.73,51.4,23.7,63.3,403.99,570.2,-28,0,4.41,443.64,110.02,28.11
26-01-2026 07:00,Zone_008,37.81061507,-122.3683974,11.46,140.2,15.5,65.7,202.52,551.37,-29,0,1.76,427.46,63.57,52.62
26-01-2026 08:00,Zone_006,37.77683329,-122.4415893,1.19,342.6,20.7,65,418.7,1187.23,25,0,2.76,556.9,53.22,-43.33
26-01-2026 09:00,Zone_008,37.80203417,-122.4187359,3.92,115.1,26.3,66.7,108.81,616.78,24,0,3.21,434.16,115.1,18.96
26-01-2026 10:00,Zone_005,37.70625094,-122.3547901,3.93,312.5,28.2,91.7,128.02,382.06,10,0,2.07,654.77,58.2,16.61
26-01-2026 11:00,Zone_008,37.7127188,-122.4900153,4.18,317.3,10,88.6,203.39,1080.35,9,0,4.52,739.13,89.33,18.97
26-01-2026 12:00,Zone_010,37.80744851,-122.4027523,2.39,126.1,33.4,86.9,233.82,640.17,28,0,1.81,599.35,82.07,96.98
26-01-2026 13:00,Zone_004,37.71081265,-122.4888842,9.51,30,14.1,82.1,206.92,759.09,-27,0,0.63,482.31,28.17,-29.11
26-01-2026 14:00,Zone_010,37.71068851,-122.4436797,1.91,260.8,15.8,91.3,393.64,205.24,1,0,0.72,695.12,119.03,53.56
26-01-2026 15:00,Zone_008,37.70181627,-122.3794278,7.8,112.1,16.6,36.4,93.63,521.21,-29,1,4.45,698.59,61,10.3
26-01-2026 16:00,Zone_010,37.84347521,-122.4349792,1.92,281.9,10.9,47.2,208.05,1138.65,15,1,4.94,656.48,53.43,26.76
26-01-2026 17:00,Zone_002,37.81062625,-122.3504226,1.31,159.4,13.1,62.2,426.76,748.46,-2,1,1.44,615.3,111.16,64.36
26-01-2026 18:00,Zone_005,37.75298771,-122.4161411,10.96,174.7,34.7,85,80.06,478.95,-29,0,0.72,703.73,68.22,-26.39
26-01-2026 19:00,Zone_009,37.74448034,-122.4518257,2.69,280,17.9,62.8,474.05,788.23,3,0,2.41,457.15,87.56,64.54
26-01-2026 20:00,Zone_004,37.75245548,-122.4669833,9.94,137.7,12.9,78.6,493.84,1101.45,-4,1,3.55,726.06,103.09,-39.45
26-01-2026 21:00,Zone_006,37.81619803,-122.4474219,6.76,159.5,12.7,39,89.86,401.39,29,0,3.06,731.52,35.9,22.5
26-01-2026 22:00,Zone_001,37.79920559,-122.44412,1.4,135.4,28,46.4,181.07,655.63,23,1,4.76,705.2,28.64,61.31
26-01-2026 23:00,Zone_009,37.72777934,-122.4896929,11.49,132.2,31.4,77.6,217.58,1154.56,8,0,4.09,487.73,17.54,-21.12
27-01-2026 00:00,Zone_001,37.7261164,-122.4445639,3.34,189.3,16.4,40.7,399.38,289.64,13,1,4.34,700.36,108.68,65.64
27-01-2026 01:00,Zone_005,37.71475935,-122.4303642,10.39,291.2,10.5,52.8,318.17,891.63,7,1,2.71,574.17,32.04,-24.98
27-01-2026 02:00,Zone_004,37.79904541,-122.3915893,2.44,130.2,15.6,47.2,339.96,775.93,-13,1,1.64,608.23,43.85,69.89
27-01-2026 03:00,Zone_003,37.8146559,-122.4014906,10.32,188.7,11.4,52.7,390.88,847.64,5,1,3.51,694.21,41.44,20.34
27-01-2026 04:00,Zone_006,37.73975696,-122.3936852,0.65,241.5,12.6,76,103.09,486.34,-12,0,2.2,410.35,43.5,52.7
27-01-2026 05:00,Zone_002,37.70314174,-122.4987454,6.39,97,20.8,53.9,424.94,445.27,-4,0,1.44,527.03,83.49,87.61
27-01-2026 06:00,Zone_003,37.71232575,-122.4673499,9.35,99.9,15.7,66.1,367.53,852.63,14,0,0.76,685.49,114.95,11.26
27-01-2026 07:00,Zone_005,37.84517901,-122.4007474,11.25,336,22.9,36.5,309.8,337.1,-11,0,2.64,684.88,46.24,-15.06
27-01-2026 08:00,Zone_009,37.74431672,-122.4274016,10.96,260.5,16.3,82.3,450.38,561.62,-10,0,2.97,697.04,54.84,80.07
27-01-2026 09:00,Zone_002,37.81538347,-122.499203,9.93,207.8,33.5,54,365.14,306.99,-8,0,2.84,459.23,94.83,-25.76
27-01-2026 10:00,Zone_010,37.79369954,-122.3793258,10.71,233.2,32.6,72.2,140.76,109.14,-1,1,0.58,647.06,57.56,44.72
27-01-2026 11:00,Zone_008,37.75729095,-122.3840786,2.79,10.5,24.2,77.2,243.39,1167.06,-6,0,2.85,451.28,111.86,88.49
27-01-2026 12:00,Zone_002,37.73085309,-122.4177371,3.77,222.5,18.9,43.6,272.32,574.87,0,0,0.84,674.78,65.35,51.16
27-01-2026 13:00,Zone_005,37.71820796,-122.4900305,3.82,183.4,19.5,87.5,74.85,1166.28,-4,0,3.32,485.79,48.25,-20.65
27-01-2026 14:00,Zone_007,37.79225195,-122.3850227,4.84,196.5,20.3,70.1,479.59,254.36,3,0,2.15,658.24,116.87,-27.16
27-01-2026 15:00,Zone_008,37.81619507,-122.412443,5.02,129.4,28.2,57.9,107.86,746.1,-23,0,4.24,559.25,56.84,-12.15
27-01-2026 16:00,Zone_001,37.79658564,-122.382706,6.76,29.3,21.3,41.9,363.86,321.07,-12,1,3.89,745.19,35.43,8.71
27-01-2026 17:00,Zone_006,37.77954532,-122.387238,2.34,69.6,31.4,91.2,277.8,969.08,10,0,3.62,602.96,29.55,-26.13
27-01-2026 18:00,Zone_001,37.70629268,-122.3795497,8.45,342.3,33.6,79.1,61.53,962.07,-5,0,3.5,621.4,119.47,69.67
27-01-2026 19:00,Zone_002,37.84527332,-122.4222988,2.43,147.1,18.4,43.5,466.14,223.87,-3,0,2.8,528.86,92.83,3.56
27-01-2026 20:00,Zone_001,37.81980713,-122.4789513,4.07,168,24,52,433.33,1103.27,-27,0,0.31,657.08,54.95,90.41
27-01-2026 21:00,Zone_005,37.74392331,-122.3993264,6.29,19,12.4,82.6,285.92,314.09,0,1,3.28,573.21,100.9,76.37
27-01-2026 22:00,Zone_010,37.84699555,-122.4069289,9.66,13.5,15,75.2,153.02,774.28,-15,0,2.33,406.32,70.15,86.32
27-01-2026 23:00,Zone_009,37.79028224,-122.388662,9,258.2,20.3,79.8,104.73,1184.2,20,0,2.35,613,44.91,-5.83
28-01-2026 00:00,Zone_006,37.7873634,-122.4745178,7.92,193.7,15.2,58.7,213.53,1070.64,-21,0,1.9,690.66,91.77,36.06
28-01-2026 01:00,Zone_001,37.81221098,-122.4707537,2.29,183.1,31.9,76.6,164.94,1152.22,7,1,4.65,482.88,92.05,-1.78
28-01-2026 02:00,Zone_001,37.82176547,-122.3664386,6.79,87.5,14,55.1,278.01,476.86,17,0,1.25,477.37,65.02,-11.46
28-01-2026 03:00,Zone_002,37.79847179,-122.3875033,1.51,268.1,21.4,43.7,484.88,216.13,-21,1,1.58,613.11,14.97,41.06
28-01-2026 04:00,Zone_009,37.71921436,-122.3637657,4.84,60.6,25.1,71.1,308.73,307.18,14,0,4.82,686.29,18.47,72.7
28-01-2026 05:00,Zone_003,37.75074013,-122.3861927,5.26,68.4,27.3,93.4,450.47,650.54,-22,0,4.05,487.37,96.76,-35.96
28-01-2026 06:00,Zone_001,37.83921255,-122.4104267,0.96,165.9,19.6,50.2,342.9,972.55,8,1,0.07,726.29,100.58,-8.63
28-01-2026 07:00,Zone_005,37.73369234,-122.4018801,3.65,103.1,31.7,60,263.86,265.17,5,0,4.53,724.59,84.61,-19.23
28-01-2026 08:00,Zone_007,37.75582505,-122.3666308,11.49,89.1,24.2,73.8,434.57,825.7,20,0,1.13,470.19,102.3,69.75
28-01-2026 09:00,Zone_006,37.76481153,-122.413179,11.47,232.3,21,65.2,262.12,455.94,27,0,3.53,492.32,89.14,90.01
28-01-2026 10:00,Zone_001,37.76591075,-122.4051413,4.55,234.3,11.7,84.8,440.88,475.32,5,0,2.77,645.21,108.66,-38.01
28-01-2026 11:00,Zone_005,37.79194094,-122.4765285,1,296.8,21.6,79.5,181.21,828.11,-12,1,2.68,733.11,26.54,6.88
28-01-2026 12:00,Zone_005,37.84146138,-122.4289118,2.56,150.4,30.5,33.8,107.97,613.7,29,0,3.59,648.46,52.65,87.18
28-01-2026 13:00,Zone_006,37.73610391,-122.3925404,5.01,26.3,25.4,94.9,434.89,993.24,-12,1,1.04,555.72,61.05,1.7
28-01-2026 14:00,Zone_003,37.71822521,-122.4593586,11.4,98.5,30.8,78.9,314.34,271.51,-19,0,0.8,459.15,42.74,56.9
28-01-2026 15:00,Zone_005,37.72962057,-122.4696619,2.12,352.8,22.4,86.2,450.09,968.94,-18,0,3.26,561.35,89.79,-34.9
28-01-2026 16:00,Zone_007,37.83303874,-122.452926,9.28,214.7,13,72.3,472.02,170.66,-6,1,1.45,612.37,110.37,16.66
28-01-2026 17:00,Zone_005,37.79687162,-122.4637749,1.75,255.5,10.3,85.7,74.13,313.46,5,0,4.87,515.83,55.37,25.5
28-01-2026 18:00,Zone_005,37.74288602,-122.4677631,11.78,2.6,17.6,37.3,275.44,821.76,-6,0,2.26,578.59,113.57,63.65
28-01-2026 19:00,Zone_005,37.82239204,-122.4362724,4.89,186.6,27.4,52.6,218.73,1040.42,-3,0,0.56,445.57,66.84,-6.68
28-01-2026 20:00,Zone_010,37.8292055,-122.3638242,9.42,13.5,29.8,87,331.64,377.95,11,0,3.43,558.27,67.48,-10.37
28-01-2026 21:00,Zone_010,37.82697715,-122.4239411,4.44,204.9,17.4,43.1,407.12,459.91,22,1,1.53,431.77,76.02,-4.55
28-01-2026 22:00,Zone_003,37.83783898,-122.4718119,7.72,331.5,22.4,35.1,176.27,690.83,8,0,0.74,417.18,39.52,33.35
28-01-2026 23:00,Zone_001,37.73783615,-122.4884542,2.71,348.6,20.5,81.2,300.56,332.73,-1,0,2.11,700.03,52.17,81.4
29-01-2026 00:00,Zone_005,37.81325629,-122.3955766,2.18,194.6,20.3,84.3,368.93,992.27,-26,1,4.82,471.78,70.86,74.64
29-01-2026 01:00,Zone_009,37.76908092,-122.4425802,11.29,165,15.8,40.6,110.49,951,-14,0,2.06,601.3,113.62,-41.31
29-01-2026 02:00,Zone_001,37.82629978,-122.3767254,11.05,340.2,13.4,85.5,416.33,259.82,-13,0,1.74,452.14,80.7,81.84
29-01-2026 03:00,Zone_003,37.8092736,-122.4010734,10.71,242.5,14.9,74.6,322.75,610.21,12,0,2.22,491.88,46.64,-35.73
29-01-2026 04:00,Zone_004,37.81646712,-122.3805638,7.69,23.4,11.4,63.8,477.29,952.31,16,1,0.06,526.47,11.15,12.3
29-01-2026 05:00,Zone_001,37.79842428,-122.4592081,9.8,167.7,15,84,202.79,471.06,-10,1,0.67,450.29,117.98,64.81
29-01-2026 06:00,Zone_001,37.72661432,-122.3961462,1.29,86.5,10.2,57.3,98.67,796.42,-9,1,4.25,416.09,64.23,-37.77
29-01-2026 07:00,Zone_008,37.78175404,-122.4603907,4.35,169.1,25.7,42.6,277.93,155.23,8,0,4.89,707.01,113.23,-43.94
29-01-2026 08:00,Zone_002,37.84770046,-122.3591397,4.11,164,17.9,48.5,88.61,769.56,19,1,0.79,404.14,70.43,-0.5
29-01-2026 09:00,Zone_008,37.84060821,-122.4045439,7.81,209.6,34.3,62.8,486.29,267.92,27,0,2.68,421.46,76.6,59.49
29-01-2026 10:00,Zone_007,37.70647606,-122.4513232,4.59,128.4,14.8,64.5,67.41,1013.64,26,0,4.83,681.78,88.31,28.26
29-01-2026 11:00,Zone_010,37.72472222,-122.4595732,2.21,59.1,18.6,82.4,389.08,490.99,-25,1,0.78,498.7,45.31,12.55
29-01-2026 12:00,Zone_010,37.71975932,-122.471361,7.36,181.3,18.9,81.4,286.3,409.71,19,0,0.93,652.99,86.89,71.96
29-01-2026 13:00,Zone_002,37.80889699,-122.3958039,9.87,298.9,10.2,67.8,215.88,1024.98,-15,0,4.63,451.18,67.95,65.01
29-01-2026 14:00,Zone_006,37.8226678,-122.4671927,4.89,239,31,80.8,79.63,155.16,-29,1,3.53,483.05,83.97,67.91
29-01-2026 15:00,Zone_006,37.7320267,-122.4107045,2.02,121.8,10.8,42.5,329.98,536.27,20,1,0.76,600.47,101.94,18.96
29-01-2026 16:00,Zone_003,37.7758779,-122.4603047,2.76,336.8,33.5,33.3,313.35,507,-30,0,1.97,746.02,30.27,-47.08
29-01-2026 17:00,Zone_002,37.82610545,-122.4007047,3.23,328.4,32.3,86.8,176.4,413.28,26,0,0.28,425.71,77.49,-24.18
29-01-2026 18:00,Zone_001,37.80992023,-122.377759,3.95,75.4,23.4,34.9,459.6,1102.93,-1,0,2.16,540.19,15.73,61.2
29-01-2026 19:00,Zone_006,37.78133558,-122.3832962,7.89,14.2,23.6,46,186.85,926.02,27,0,3.89,415.08,21.23,62.98
29-01-2026 20:00,Zone_005,37.78855215,-122.3858723,7.41,266.9,26.3,75.2,252.38,170.32,12,0,2.77,469.73,84.21,95.84
29-01-2026 21:00,Zone_009,37.77625408,-122.4718416,8.5,297.9,19.7,56.6,294.69,886.16,21,0,3.24,717.61,17.8,-21.47
29-01-2026 22:00,Zone_001,37.74463227,-122.4867423,4.67,348.4,26.2,87,95.1,680.03,6,1,1.63,433.76,75.49,-31.56
29-01-2026 23:00,Zone_007,37.7847533,-122.3951577,9.98,320.3,11.1,49.4,469.47,1090.95,17,0,0.81,699.9,34.2,-29.18
30-01-2026 00:00,Zone_005,37.8033328,-122.4447479,2.85,216.2,11.4,30.8,218.54,444.24,-8,0,0.07,462.23,43.45,-22.28
30-01-2026 01:00,Zone_005,37.83099844,-122.4351481,5.89,190.8,21.4,49.5,86.35,731.58,-30,0,4.11,701.62,24.26,29.27
30-01-2026 02:00,Zone_002,37.7954437,-122.4953276,9.71,10,23.7,67.6,224.28,650.83,-12,0,3.18,588.31,37.35,96.28
30-01-2026 03:00,Zone_003,37.81416823,-122.4610635,2.57,88.8,32.2,54.4,320.09,638.52,15,0,1.15,707.37,100.34,38.41
30-01-2026 04:00,Zone_007,37.72401075,-122.4949485,1.76,165.5,12.6,64.8,281.14,601.72,-28,1,2.09,453.1,80.28,28.4
30-01-2026 05:00,Zone_006,37.76923362,-122.3681221,10.66,226.3,30.6,87,362.54,326.19,-29,1,4.01,666.71,114.47,51
30-01-2026 06:00,Zone_002,37.70139974,-122.4634905,4.44,200.6,15.3,89.3,74.97,931.28,25,0,2.69,638.24,15.36,-38.91
30-01-2026 07:00,Zone_006,37.73700183,-122.4163994,8.36,267.3,19.9,47.3,178.04,596.47,6,1,1.5,590.03,97.17,72.3
30-01-2026 08:00,Zone_002,37.80896926,-122.4941531,0.79,100.7,17.9,60,418.65,1154.37,-14,0,1.34,683.71,86.9,47.03
30-01-2026 09:00,Zone_002,37.84877149,-122.3999729,8.44,203.4,20,65.7,85.95,386.89,-3,1,1.09,626.9,38.7,-24.32
30-01-2026 10:00,Zone_002,37.71487671,-122.4515459,4.14,31.7,13.8,91.7,434.97,851.02,-13,0,4.12,706.97,90.21,44.61
30-01-2026 11:00,Zone_003,37.76022415,-122.3653121,1.14,148.9,22.6,94.9,91.35,1134.79,2,1,2.91,533.37,88.82,39.43
30-01-2026 12:00,Zone_002,37.82001065,-122.3667823,7.51,270.1,30,45.3,425.5,829.8,-16,0,3.55,606.47,60.53,-40.27
30-01-2026 13:00,Zone_004,37.73060535,-122.4512064,3.27,249.6,21,77.3,212.35,1058.4,-9,0,4.3,704.71,85.75,-9.96
30-01-2026 14:00,Zone_009,37.78326274,-122.3648559,4.95,356.6,22.3,54.6,325.49,1010.23,10,1,4.93,475.18,58.9,8.64
30-01-2026 15:00,Zone_006,37.80996069,-122.3505763,1.43,100,31.2,30.5,118.8,496.13,-4,0,1.25,570.01,46.91,-13.27
30-01-2026 16:00,Zone_001,37.79239782,-122.3761877,2.19,179.3,27.7,30.6,79.78,760.14,24,0,0.9,736.26,61.31,-13.53
30-01-2026 17:00,Zone_008,37.72820371,-122.3732693,3.93,118.6,22.3,59.9,147.17,271.89,6,0,2.31,565.76,108.46,35.94
30-01-2026 18:00,Zone_007,37.75330769,-122.4626487,1.53,158.6,16.4,61.7,107.53,689.08,1,1,0.18,488.49,52.3,20.63
30-01-2026 19:00,Zone_010,37.81756877,-122.4134946,10.97,308.5,32.1,31.5,190.58,353.46,29,0,3.96,522.88,54.41,50.09
30-01-2026 20:00,Zone_003,37.78313398,-122.4899116,0.57,246.3,24.4,74.7,281.47,918.11,14,0,4.42,709.78,76.92,93.46
30-01-2026 21:00,Zone_001,37.70078444,-122.4857623,6.06,317.7,15.5,49.1,314.94,680.86,-12,1,3.43,734.21,92.83,49.08
30-01-2026 22:00,Zone_005,37.81414861,-122.3501661,1.92,73.3,16.7,66.4,405.44,552.35,-3,0,1.34,732.54,90.81,37.31
30-01-2026 23:00,Zone_004,37.7052967,-122.4510041,4.04,314.4,30.1,49.6,345.31,395.68,-3,0,0.62,644.63,12.18,77.13
31-01-2026 00:00,Zone_010,37.81186007,-122.3877724,11.15,21.5,11.1,40.9,323.94,1198.57,25,1,1.91,578.36,85.62,44.81
31-01-2026 01:00,Zone_008,37.73037208,-122.3790002,2.36,319.9,34.8,56.5,235.3,178.88,-21,1,4.17,463.94,59.56,-25.17
31-01-2026 02:00,Zone_001,37.84371102,-122.3712965,11.61,118.5,13.3,45.1,263.21,147.92,-11,1,1.74,443.13,67.65,-2.79
31-01-2026 03:00,Zone_010,37.75519111,-122.3503558,2.87,113.3,29.9,64.8,236.53,338.98,-6,0,0.17,420.92,71.78,60
31-01-2026 04:00,Zone_001,37.74903974,-122.4637755,9.03,184.4,19.9,42.9,428.97,1168.18,-10,0,1.37,406.2,90.49,60.76
31-01-2026 05:00,Zone_004,37.72233321,-122.4939474,6.79,338.6,22.3,63,153.5,1177.16,-17,1,4.95,707.34,101.45,98.05
31-01-2026 06:00,Zone_008,37.74584063,-122.4383213,10.67,17.2,32,40.2,52.57,820.42,-9,1,3.38,683.18,81.09,44.05
31-01-2026 07:00,Zone_005,37.83149761,-122.4804879,6.87,126.8,20.3,73.6,343.09,1068.12,22,1,4.5,598.74,72.03,84.93
31-01-2026 08:00,Zone_002,37.84945015,-122.4966361,6.65,308.4,23.4,79,141.11,335.36,-5,0,3.87,749.55,51.11,-41.81
31-01-2026 09:00,Zone_006,37.75524643,-122.445936,2.75,142.6,11.2,37.2,450.55,1169.25,13,0,2.7,733.57,25.17,34.93
31-01-2026 10:00,Zone_005,37.76729159,-122.3824393,2.41,71.7,10.1,60.4,436.57,257.06,-20,0,0.74,629.29,115.44,87.98
31-01-2026 11:00,Zone_002,37.80831064,-122.4150729,11.04,152.9,16.1,34.6,84.53,211.24,24,1,1.74,562.6,60.8,-6.91
31-01-2026 12:00,Zone_003,37.83292937,-122.4530833,4.27,138.8,27,68.9,97.87,223.43,-24,0,2.92,453.26,72.28,-26.77
31-01-2026 13:00,Zone_009,37.78895665,-122.4018487,4.78,329.5,13,47.2,272.83,730.44,-14,0,4.35,580.46,92.62,2.58
31-01-2026 14:00,Zone_007,37.75872885,-122.4651973,9.24,274.3,12.8,64.3,324.15,959.07,-13,0,1.34,455.21,17.53,68.84
31-01-2026 15:00,Zone_007,37.76189328,-122.4978428,4.4,181.8,20.3,63.6,173.71,503.33,-24,0,0.61,539.46,104.05,-37.29
31-01-2026 16:00,Zone_006,37.80434272,-122.385347,11.45,355.8,26.2,90.1,372.56,1175.69,25,0,2.79,729.93,97.67,40.05
31-01-2026 17:00,Zone_008,37.70048274,-122.4064385,8.99,167.5,27.8,65.7,317.71,577.86,-11,1,0.88,519.69,95.19,-29.66
31-01-2026 18:00,Zone_004,37.7929384,-122.3856546,7.37,21,14.5,67.9,196.17,265.49,7,0,3.05,453.48,12.42,15.33
31-01-2026 19:00,Zone_008,37.75332395,-122.4941593,10.63,94.4,12,56.1,61.42,612.56,-20,0,1.32,603.84,67.92,94.9
31-01-2026 20:00,Zone_004,37.8191296,-122.3744321,1.07,157,33.5,91.7,387.57,846.94,13,0,1.15,610.83,15.97,-20.73
31-01-2026 21:00,Zone_008,37.7139486,-122.4070711,3.46,56.5,16.5,80.5,146.64,1015.45,27,1,2,467.83,70.6,-44.9
31-01-2026 22:00,Zone_009,37.78823034,-122.4154907,5.85,341.1,31.3,48.6,425.51,604.65,-15,1,2.97,468.81,89.03,14.08
31-01-2026 23:00,Zone_003,37.77214593,-122.4063079,3.11,276.1,31.6,84.9,239.13,752.97,20,1,2.73,746.34,23.4,36.65
01-02-2026 00:00,Zone_003,37.79634883,-122.370335,9.05,96.6,29.3,58.1,309.68,394.08,24,1,1.22,485.15,86.44,-5.37
01-02-2026 01:00,Zone_002,37.70972804,-122.4119595,11.07,212.7,14.2,83.9,442.83,810.51,-4,0,4.46,693.37,59.45,31.27
01-02-2026 02:00,Zone_010,37.78699757,-122.4128574,5.37,259.7,30.5,83.5,438.63,1184.57,20,1,0.55,564.61,99.27,93.01
01-02-2026 03:00,Zone_003,37.78422269,-122.3513981,4.43,338.9,29.2,42.3,217.18,153.96,-20,1,0.2,552.25,68.69,-3.23
01-02-2026 04:00,Zone_003,37.78409901,-122.3864905,11.56,317.4,24.9,75.6,144,1075.18,-15,0,3.01,503.24,46.97,-3.59
01-02-2026 05:00,Zone_005,37.79052315,-122.4336559,5.62,185.5,18.4,48.9,398.82,718.51,-8,0,0.62,670.84,46.52,22.42
01-02-2026 06:00,Zone_005,37.80147019,-122.3938904,6.12,278.9,16.6,49.3,244.89,377.31,29,1,2.52,708.23,108.72,27.3
01-02-2026 07:00,Zone_002,37.82074835,-122.4416154,4.54,202.4,13,49.3,136.42,1150.38,28,1,4.76,491.39,59.82,-49.8
01-02-2026 08:00,Zone_010,37.74047311,-122.4656687,10.96,199,22.7,77.2,456.99,631.69,-19,0,3.49,433.28,54.63,42.38
01-02-2026 09:00,Zone_006,37.82375741,-122.4104722,7.04,41.3,24.6,44.9,139.15,464.86,28,1,3.09,447.92,14.39,99.6
01-02-2026 10:00,Zone_005,37.77473835,-122.3607727,9.27,45.4,19,30.1,61.61,299.65,9,0,2.87,677.48,50.08,-6.2
01-02-2026 11:00,Zone_006,37.71155874,-122.3606291,9.84,190.6,21.9,76.5,59.13,368.9,-28,0,0.9,552.54,103.46,44.62
01-02-2026 12:00,Zone_001,37.70878264,-122.4487142,4.43,96.8,19.1,41.1,330.04,1016.13,-29,1,2.16,446.17,93.71,-49.31
01-02-2026 13:00,Zone_005,37.75013575,-122.4208484,5.49,7.6,26,36.8,347.75,775.85,29,0,1.71,519.1,34.3,40.65
01-02-2026 14:00,Zone_009,37.81773455,-122.4682546,10.26,260.2,32.5,45.4,189.97,1104.57,7,1,4.77,579.98,55.44,17.06
01-02-2026 15:00,Zone_010,37.80615214,-122.3506553,4.68,11.7,14.1,54.7,194,355.17,17,0,1.21,698.22,31.62,29.54
01-02-2026 16:00,Zone_002,37.81829224,-122.3528323,9.63,214.3,19.5,60.9,202.77,233.25,21,0,2.36,624.61,114.96,31.59
01-02-2026 17:00,Zone_001,37.77759036,-122.4025737,11.32,194.1,13.5,32.9,356.07,106.7,-7,0,4.69,461.61,75.79,-23.46
01-02-2026 18:00,Zone_010,37.76602985,-122.3793379,7.67,348.8,25.6,93.1,76.16,658.65,-2,0,3.95,455.55,92.98,65.5
01-02-2026 19:00,Zone_009,37.72211788,-122.392735,9.03,174.3,28.2,76.5,468.1,1198.14,16,0,4.82,544.32,88.52,33.32
01-02-2026 20:00,Zone_010,37.74922891,-122.4110263,9.76,22.9,33.3,51,150.13,864.46,15,1,3.04,426.32,106.11,-9.47
01-02-2026 21:00,Zone_009,37.7651029,-122.4919978,10.22,198.6,17,50.7,499.85,439.23,3,0,1.67,664.45,114.43,90.61
01-02-2026 22:00,Zone_009,37.71329006,-122.4317853,5.04,302.8,33.8,59.2,127.19,1064.54,-11,0,4.13,540.51,13.57,-48.08
01-02-2026 23:00,Zone_006,37.73309179,-122.3987821,1.09,358.9,11.6,70.7,397.2,959.89,-13,0,1.46,520.06,117.28,58.89
02-02-2026 00:00,Zone_008,37.78973379,-122.3983703,5.12,154.9,25.1,39.5,150.54,116.96,-17,1,0.82,578.19,105.76,7.19
02-02-2026 01:00,Zone_001,37.81034947,-122.4440316,8.25,115.3,11.4,42.3,86.38,998.55,-13,0,3.53,648.13,52.12,28.38
02-02-2026 02:00,Zone_010,37.84975213,-122.3587462,5.68,326.4,32.3,85.9,443.72,430.58,-29,0,3.19,599.27,102.08,-6.27
02-02-2026 03:00,Zone_004,37.839967,-122.4748964,9.11,68.8,23.2,46.7,436.44,264.64,-30,0,4.39,680.84,91.02,-1.81
02-02-2026 04:00,Zone_001,37.79638478,-122.4249461,4.61,221.6,26.7,54.7,231.61,348.96,-11,0,4.81,620.28,97.24,-47.73
02-02-2026 05:00,Zone_008,37.76318721,-122.3963674,7.8,146.1,30.8,86.6,366.08,615.44,3,0,4.29,675.79,34.28,59.48
02-02-2026 06:00,Zone_001,37.7954266,-122.3954296,2.64,14.8,13.8,73.1,300.68,567.35,10,1,0.3,643.87,81.34,56.62
02-02-2026 07:00,Zone_003,37.81784774,-122.4027042,9.12,125,11,52.2,433.83,417.78,10,1,3.32,467.59,12.85,48.15
02-02-2026 08:00,Zone_004,37.71775043,-122.4587068,6.78,95.5,32,74.4,191.78,289.44,17,0,3.92,418.32,103.31,81.69
02-02-2026 09:00,Zone_008,37.76148573,-122.476569,2.85,247,17.9,31.3,285.65,938.45,-20,1,4.91,716.19,114.61,85.19
02-02-2026 10:00,Zone_006,37.82597034,-122.404609,3.86,341.6,13.2,77.8,268.42,1189.12,-4,1,1.87,730.98,82.83,33.47
02-02-2026 11:00,Zone_010,37.75757494,-122.4101047,9.11,96.5,21.7,61.7,209.26,955.57,-8,1,0.85,654.43,66.39,52.72
02-02-2026 12:00,Zone_007,37.78578084,-122.4730966,6.05,292.1,25,82.9,451.15,425.53,7,1,4.26,653.47,89.83,-48.35
02-02-2026 13:00,Zone_008,37.7881654,-122.3942291,2.98,19.9,10.8,92.1,124.65,369.29,13,1,1.59,494.55,45.9,76.95
02-02-2026 14:00,Zone_002,37.72767144,-122.4317242,11.62,193.7,16.9,90.2,117.28,339.43,-28,0,2.99,589.85,78.9,72.46
02-02-2026 15:00,Zone_010,37.75433532,-122.3998359,8.72,25.4,10.8,89.1,309.61,250.36,-19,0,1.95,747.28,89.09,-46.96
02-02-2026 16:00,Zone_008,37.75017669,-122.3743949,11.51,336.3,20.5,63.3,345.87,706.46,-1,0,2.01,699.65,25.69,31.42
02-02-2026 17:00,Zone_003,37.70392951,-122.4745407,5.41,275.9,32.4,53.4,137.58,765.94,0,1,3.66,506.54,25.41,86
02-02-2026 18:00,Zone_007,37.70362876,-122.4971283,5.96,236.9,34.6,60.2,225.82,876.05,-8,0,1.81,505.37,88.78,-22.79
02-02-2026 19:00,Zone_003,37.82475456,-122.3831346,10.83,296.6,25.9,74.8,475.95,848.23,-30,0,3.47,569.25,57.5,2.9
02-02-2026 20:00,Zone_007,37.74096062,-122.4085454,6.54,233.1,14,87.5,160.98,421.57,10,0,0.07,541.61,107.81,-0.34
02-02-2026 21:00,Zone_002,37.77771181,-122.3950541,8.63,348.8,32.6,43.5,350.76,463.34,-11,1,1.62,529.9,44.31,3.39
02-02-2026 22:00,Zone_010,37.74480884,-122.3742768,3.4,257,22.9,89.7,383.07,849.67,23,1,1.6,619.44,14.67,-43.72
02-02-2026 23:00,Zone_006,37.84110189,-122.3795784,5.64,332.9,13.8,83,251.66,484.39,-25,0,3.74,404.02,81.49,-8.15
03-02-2026 00:00,Zone_003,37.73889451,-122.355862,1.92,186.2,33,93.6,471.89,333.89,-20,0,1.57,667.17,85.27,-5.77
03-02-2026 01:00,Zone_003,37.76444852,-122.4196097,2.87,42.1,28.9,87.2,381.5,511.77,4,1,3.17,659.02,70.9,79.88
03-02-2026 02:00,Zone_009,37.83090954,-122.4267257,0.51,190.1,28.3,48.2,256.07,399.29,-27,0,3.44,690.61,85.17,2.82
03-02-2026 03:00,Zone_007,37.82629004,-122.4397169,0.95,45.7,27.7,36.9,306.2,197.14,-2,0,3.29,694.51,67.61,17.08
03-02-2026 04:00,Zone_005,37.72791521,-122.4769463,11.74,213.3,15,37.3,361.68,1013.15,28,0,3.02,598.24,86.19,7.11
03-02-2026 05:00,Zone_010,37.8203965,-122.4141089,3.29,173.7,15.3,48.9,316.49,1038.42,-21,1,2.07,673.03,14.83,-31.9
03-02-2026 06:00,Zone_007,37.76872803,-122.4584481,8.13,224.1,27.2,69.9,445.41,341.73,20,0,1.87,572.34,50.52,98.55
03-02-2026 07:00,Zone_009,37.77244533,-122.3618039,10.15,3.6,15.5,82.3,210.6,171.25,-2,0,2.82,733.04,33.19,73.87
03-02-2026 08:00,Zone_001,37.720022,-122.4125214,6.83,70.1,21,88.5,184.95,912.71,7,1,0.32,466.74,20.93,31.14
03-02-2026 09:00,Zone_007,37.71209023,-122.411074,2.26,176.9,29.6,70.5,146.23,332.68,-30,0,4.38,720.47,35.75,21.45
03-02-2026 10:00,Zone_006,37.8091909,-122.4467613,8.87,342.2,29.6,30.4,67,532.78,9,0,4.13,490.49,31.04,47.39
03-02-2026 11:00,Zone_010,37.77446917,-122.4922016,7.4,138.1,21.3,42.1,69.36,170.55,-23,0,1.73,435.95,117.04,-1.04
03-02-2026 12:00,Zone_009,37.76552761,-122.4952384,8.91,152.8,29.8,36.5,441.52,348.9,26,1,2.83,553.69,41.52,-42.46
03-02-2026 13:00,Zone_001,37.80942623,-122.4364997,9.35,257.3,31,53.6,355.28,972.19,7,0,4.66,615.22,35.41,10.65
03-02-2026 14:00,Zone_004,37.81482693,-122.4873152,11.72,217.4,26.4,62.6,347.24,984.84,-14,1,1.36,480.85,101.84,97.6
03-02-2026 15:00,Zone_009,37.72383623,-122.408973,7.1,107.6,15.7,32.8,326.59,327.79,-12,1,3.71,594.53,56.1,-22.65
03-02-2026 16:00,Zone_004,37.79153377,-122.367854,4.43,147.9,16.9,52.7,432.15,469.51,2,1,0.41,682.76,56.36,29.16
03-02-2026 17:00,Zone_010,37.72030311,-122.3675628,7.96,78.4,17.9,41.6,266.12,247.66,-16,1,2.62,489.98,58.79,-48.72
03-02-2026 18:00,Zone_003,37.81270626,-122.4011432,1.29,347.8,12.9,72.1,441.68,181.59,14,1,4.42,603.11,55.82,-31.7
03-02-2026 19:00,Zone_009,37.79854327,-122.4683152,10.82,47,16.8,60.2,211.75,1191.39,0,1,2.76,518.76,45.92,38.08
03-02-2026 20:00,Zone_002,37.84349219,-122.3705505,1.87,133.9,15.2,62.2,467.02,821.15,-10,1,3.08,585.42,41.5,-5.39
03-02-2026 21:00,Zone_004,37.7103437,-122.367086,4.27,9.3,21.4,57.8,364.4,696.31,-28,1,4.54,633.42,107.02,85.85
03-02-2026 22:00,Zone_006,37.70855821,-122.470502,9.88,79.8,32.7,92.1,165.73,942.05,-29,1,3.58,522.65,27.79,10.93
03-02-2026 23:00,Zone_002,37.74232806,-122.3893861,7.37,281,12.6,44,303.84,1024.08,4,0,3.48,748.07,29.92,-18.79
04-02-2026 00:00,Zone_008,37.73925585,-122.4570221,5.03,72.4,28,63.6,289.86,987.39,10,0,2.93,597.32,72.89,31.84
04-02-2026 01:00,Zone_008,37.73704682,-122.379604,5.94,28.8,27.2,77.8,112.05,118.19,28,0,3.16,688.56,47.8,69.25
04-02-2026 02:00,Zone_001,37.83593819,-122.3504143,10.33,170.8,12.4,66.2,316.06,305.49,-15,1,4.02,653.8,56.37,-47.09
04-02-2026 03:00,Zone_003,37.73743193,-122.4954961,4.41,3.6,33.1,90.4,191.65,820.4,25,1,4.9,698.48,98.72,25.83
04-02-2026 04:00,Zone_010,37.74079246,-122.3653951,10.5,30.5,24.2,54.6,73.56,513.34,14,0,3.98,460.83,109.4,66.01
04-02-2026 05:00,Zone_009,37.81390974,-122.4066054,1.51,290.7,19.1,60.1,476.9,1180.73,20,0,3.54,477.89,96.96,-34.46
04-02-2026 06:00,Zone_005,37.76746098,-122.3539926,9.43,277.7,28.9,35.8,338.67,831.95,28,0,0.68,570.59,35.84,85.42
04-02-2026 07:00,Zone_006,37.81650658,-122.4302486,10.25,329.4,16.4,69.6,444.61,1152.2,19,0,4.09,698.32,117.8,-10.32
04-02-2026 08:00,Zone_004,37.70980492,-122.3728918,2.59,307.6,27.3,48.7,354.23,321.59,-10,1,3.68,469.16,49.95,-24.41
04-02-2026 09:00,Zone_010,37.77313568,-122.4906409,5.45,245.9,11,40.4,210.64,1050.35,-19,0,3.85,739.87,28.6,38.39
04-02-2026 10:00,Zone_002,37.70504204,-122.4497081,2.4,18.8,31,65.4,280.71,453.49,-3,0,1.16,444.66,64.94,-23.75
04-02-2026 11:00,Zone_008,37.70939798,-122.4899475,8.63,281.8,21.2,64.6,354.09,1188.52,30,0,4.52,461.28,89.78,51.96
04-02-2026 12:00,Zone_006,37.83596562,-122.3536985,6.66,304.4,25.9,34.9,482.11,273.46,-19,0,0.49,458.53,19.16,23.52
04-02-2026 13:00,Zone_005,37.72088681,-122.3774539,7.81,287.7,15.5,75.4,164.15,667.97,2,1,1.27,605.1,79.77,-33.51
04-02-2026 14:00,Zone_009,37.7798631,-122.3721179,2.76,183.1,26.9,70.5,443.74,972.13,-11,0,3.32,721.14,104.39,86.87
04-02-2026 15:00,Zone_001,37.76166434,-122.3593052,2.94,83.8,29.3,42.3,465.84,575.91,9,1,3.37,489.29,38.8,50.98
04-02-2026 16:00,Zone_005,37.7521015,-122.4872345,0.98,304.3,21.8,60.5,351.69,614.89,18,0,1.57,593.56,86.24,31.9
04-02-2026 17:00,Zone_006,37.834975,-122.4421604,4.2,261.8,25.4,76.8,469.07,1184.99,-10,0,3.51,461.52,53.99,6.15
04-02-2026 18:00,Zone_005,37.70327351,-122.4893448,6.94,353.1,21.4,64.4,229.05,567.84,29,1,1.94,620.9,55.55,-29.77
04-02-2026 19:00,Zone_006,37.79956845,-122.468381,10.37,56,32.4,55.7,478.86,764.48,21,1,0,443.14,40.89,56.13
04-02-2026 20:00,Zone_006,37.84450917,-122.4655951,8.17,81.2,22.4,51,366.25,159.99,23,0,0.81,571.96,78.68,72.05
04-02-2026 21:00,Zone_007,37.78402523,-122.4296339,5.51,76.2,31,69.7,68.9,1026.43,8,0,4.41,629.31,49.71,-31.13
04-02-2026 22:00,Zone_004,37.84052337,-122.4597157,11.46,285.3,30,91,458.09,812.98,10,0,1.11,602.69,101.4,24.19
04-02-2026 23:00,Zone_008,37.70783868,-122.4848533,8.77,67.3,20.3,73.7,268.01,544.42,18,1,0.56,449,115.92,22.73
05-02-2026 00:00,Zone_007,37.762819,-122.4748763,11.2,24,15.8,34.9,257.15,117.79,28,0,3.41,456.48,112.86,2.49
05-02-2026 01:00,Zone_009,37.73902367,-122.4779087,6.57,359.5,20.2,59.9,304.91,750.84,11,0,2.2,634.99,27.94,68.4
05-02-2026 02:00,Zone_007,37.80962314,-122.3540385,3.48,8.9,30.7,87.9,117.22,113.92,5,1,3.98,683.12,11.56,-35.07
05-02-2026 03:00,Zone_003,37.84719456,-122.3861061,1.11,300.7,15.7,36.1,261.12,101.32,-9,0,4.31,717.83,58.23,-19.25
05-02-2026 04:00,Zone_003,37.73847951,-122.3548358,8.85,131.5,23.1,94.3,424.01,777.71,-5,0,4.23,684.76,90.18,-49.76
05-02-2026 05:00,Zone_008,37.79812619,-122.4340389,1.89,303,30.2,91.7,56.97,307.92,-24,0,1.57,740.87,117.52,5.95
05-02-2026 06:00,Zone_005,37.72971464,-122.4582447,3.98,199.7,18.8,35.1,172.81,311.08,-24,1,2.53,542.89,96.18,-6.32
05-02-2026 07:00,Zone_004,37.78479954,-122.380256,6.62,324.6,26.1,90.7,51.1,818.6,-23,0,3.25,515.91,73.86,80.05
05-02-2026 08:00,Zone_008,37.76958987,-122.4510619,6.99,333.4,16.1,53.6,237.07,159.07,-5,1,1.61,409.86,12.9,61.87
05-02-2026 09:00,Zone_006,37.8458008,-122.4550925,7.41,3.3,12.7,84.9,377.74,444.75,-7,0,0.21,557.46,100.81,-37.33
05-02-2026 10:00,Zone_002,37.79127909,-122.4651241,2.41,27.1,29.9,57.2,409.45,264.38,-7,1,2.48,627.98,29.49,61.14
05-02-2026 11:00,Zone_004,37.75242596,-122.4805482,4.87,90.1,12.5,58.7,475.34,738.19,9,0,0.06,685.39,16.12,51.31
05-02-2026 12:00,Zone_004,37.71711437,-122.4615305,7.6,241,16.8,71.2,323.83,827.94,17,0,4.75,493.61,103.54,-7.74
05-02-2026 13:00,Zone_006,37.72268702,-122.446702,11.65,319.8,31.4,80.3,164.58,893.25,-19,1,3.98,579.76,72.29,-47.68
05-02-2026 14:00,Zone_006,37.73379754,-122.3989009,8.87,165.6,18.7,32.2,465.87,380.75,16,1,0.96,631.7,24.14,-32.73
05-02-2026 15:00,Zone_001,37.737645,-122.4906153,11.11,218.5,34.3,68.6,398.89,198.17,-23,1,1.44,593.06,52.52,-12.51
05-02-2026 16:00,Zone_008,37.82759241,-122.468424,9.27,67.9,34.5,42.1,308.49,186.55,23,1,4.91,495.91,19.41,72.49
05-02-2026 17:00,Zone_006,37.78418342,-122.3786465,7.3,289.8,16.7,52.5,363.04,568.77,-22,0,1.87,678.7,80.18,19.8
05-02-2026 18:00,Zone_003,37.77850864,-122.4779617,2.71,348.2,11,52.6,465.94,1140.43,-28,0,3.92,460.68,41.07,87.76
05-02-2026 19:00,Zone_009,37.71721533,-122.4486032,8.17,96.7,27.6,60.5,370.58,339.5,23,0,2.23,716.74,105.27,68.37
05-02-2026 20:00,Zone_002,37.82902095,-122.3703012,7.67,178.1,21.3,51.7,215.77,382.42,-10,1,4.32,733.41,49.36,-6.93
05-02-2026 21:00,Zone_008,37.80842215,-122.4767612,7.43,31,12.5,37,370.86,210.98,0,0,3.52,527.95,64.41,76.8
05-02-2026 22:00,Zone_010,37.71015025,-122.4875895,6.13,201.3,27.7,39.5,68.13,766.13,17,1,0.11,531.66,16.99,-32.49
05-02-2026 23:00,Zone_003,37.80617526,-122.4273193,6.58,181,10.8,32.2,223.89,847.86,16,0,1.47,660.15,40.32,-44.58
06-02-2026 00:00,Zone_005,37.78153073,-122.4546371,4.35,52,31.8,60.6,232.85,807.22,-7,1,2.79,559.7,84.44,41.28
06-02-2026 01:00,Zone_006,37.7122588,-122.4154887,6.47,159.1,13.5,92,125.08,1047.24,-27,0,4.63,410.01,90.99,1.26
06-02-2026 02:00,Zone_010,37.7687451,-122.3794293,2.77,120.3,13.2,37.5,60.39,635.07,-11,0,0.51,721.96,36.71,-0.59
06-02-2026 03:00,Zone_006,37.77270444,-122.4794277,9.76,187.9,14.4,91.5,110.02,247.9,30,1,3.01,550.76,65.42,53.08
06-02-2026 04:00,Zone_004,37.72486618,-122.4128951,2.64,210.8,34,77.7,344.58,418.35,-15,0,1.51,471.22,99.93,77.52
06-02-2026 05:00,Zone_003,37.84185472,-122.4241737,1.48,3.1,27.3,71.4,411.03,828.67,-21,1,4.45,594.48,51.79,-1.67
06-02-2026 06:00,Zone_004,37.82749631,-122.4783882,5.52,274,30,71.9,494.69,774.43,12,1,3.83,476.62,24.71,-1.25
06-02-2026 07:00,Zone_001,37.80035335,-122.4064002,8.07,256.7,19.9,83.7,205.86,684.1,-5,0,1.85,472.11,57.51,30.08
06-02-2026 08:00,Zone_004,37.76934433,-122.4589539,5.53,131.9,18.4,36.9,319.72,851.26,-2,1,0.84,591.01,76.07,47.98
06-02-2026 09:00,Zone_001,37.76176483,-122.4268249,3.68,19.1,15.9,62.8,471.72,801.13,-26,1,0.06,536.86,10.81,-19.56
06-02-2026 10:00,Zone_001,37.79764602,-122.4876592,6.92,271.8,22,75.3,125.17,1069.46,-20,1,3.11,600.55,48.34,86.9
06-02-2026 11:00,Zone_010,37.78181478,-122.4310624,4.49,343.9,23.8,68.1,372.94,744.62,-2,0,2.03,748.89,76.82,48.16
06-02-2026 12:00,Zone_006,37.70934097,-122.4540305,11.23,86.5,25.8,84.1,389.74,956.46,14,0,1.57,700.66,114.71,43.77
06-02-2026 13:00,Zone_005,37.7768754,-122.3766428,11.11,116.5,16.4,34.7,90.04,373.58,-16,1,4.93,402.68,54.94,85.63
06-02-2026 14:00,Zone_004,37.82096054,-122.4914532,6.28,66.2,33.7,74.9,437.56,846,-25,1,2.33,417.69,27.93,86.09
06-02-2026 15:00,Zone_003,37.76888598,-122.4372089,4.27,207.7,14.2,64.7,415.9,1092.41,17,0,3.75,613.53,68.76,-29.67
06-02-2026 16:00,Zone_001,37.70779349,-122.4312353,8.98,55.7,34.1,54.6,65.03,524.31,-16,0,0.89,619.19,41.43,-28.24
06-02-2026 17:00,Zone_006,37.81794173,-122.3912491,0.92,128.2,10.4,52.1,90.99,957.01,12,0,0.07,707.37,33.63,64.29
06-02-2026 18:00,Zone_002,37.73020457,-122.4138569,5.96,250.9,22,70.4,72.11,897.27,-11,0,2.09,620.17,74.94,93.53
06-02-2026 19:00,Zone_008,37.73879313,-122.3999181,4.37,201.6,18.3,87.9,200.63,165.48,3,1,3.33,479.7,110.75,49.98
06-02-2026 20:00,Zone_010,37.72470595,-122.3834426,11.09,139.1,21.2,62.3,279.18,739.66,29,1,2.53,563.98,101.87,11.7
06-02-2026 21:00,Zone_005,37.74953226,-122.3706696,0.64,151.3,24.3,83.6,289.56,243.21,29,0,4.45,683.14,30.05,52.52
06-02-2026 22:00,Zone_007,37.81351273,-122.4529187,6.86,202.4,20.9,56.1,170.45,1164.05,-29,1,2.17,722.99,94.25,-15.68
06-02-2026 23:00,Zone_010,37.77790788,-122.4192966,9.02,2.1,20.4,36.7,460.22,992.55,13,0,1.56,482.92,35.29,99.69
07-02-2026 00:00,Zone_002,37.73073219,-122.3739838,6.08,28.3,28.3,34,215.72,220.7,-15,1,4.58,588.86,41.98,14.66
07-02-2026 01:00,Zone_008,37.83167451,-122.3515823,1.48,317.3,27.1,33.3,70.5,233.93,-12,0,2.03,455.62,111.21,89.75
07-02-2026 02:00,Zone_002,37.83193728,-122.3665721,11.68,28,30.8,54.7,185.1,753.92,3,0,1.35,573.95,110.22,14.62
07-02-2026 03:00,Zone_004,37.83058676,-122.4442799,6.46,254.4,16.2,51.9,289,479.38,18,1,0.49,431.54,28.55,89.22
07-02-2026 04:00,Zone_001,37.73581943,-122.470725,7.56,331.2,25.2,76.7,233.7,138.4,-17,0,3.97,729.6,17.06,0.35
07-02-2026 05:00,Zone_005,37.7676859,-122.4265911,3.22,97.4,24.6,78.3,173.23,695.81,-7,0,4.13,623.32,42.24,64.08
07-02-2026 06:00,Zone_009,37.84774845,-122.3887538,6.06,133.4,19.2,33.3,109.1,526.63,-3,0,0.17,698.98,74,92.65
07-02-2026 07:00,Zone_001,37.81580187,-122.4261146,5.44,204.8,22.2,44.4,418.62,211.18,17,0,1.79,749.4,106.46,46.9
07-02-2026 08:00,Zone_009,37.70407511,-122.4275229,1.36,317.4,17.8,47.8,498.27,982.11,1,0,3.75,463.93,23.07,51.63
07-02-2026 09:00,Zone_008,37.70978069,-122.3742654,1.72,339.1,13.5,65.6,198.29,1106.58,6,0,4.73,642.95,55.65,-34.57
07-02-2026 10:00,Zone_006,37.76958971,-122.4457894,10.13,266.2,15.3,39.4,221.73,932.25,-21,1,1.89,710.45,39.89,21.13
07-02-2026 11:00,Zone_007,37.83638303,-122.3710308,3.26,31.2,12.6,38.7,328.12,1004.66,18,1,4.36,601.58,11.64,83.01
07-02-2026 12:00,Zone_003,37.78080527,-122.4389793,2.74,240.9,27.1,91.3,373.3,338.14,14,0,1.97,623.89,96.73,-13.86
07-02-2026 13:00,Zone_001,37.77467188,-122.450765,6.31,147.7,26.5,82.3,226.41,389.93,17,1,0.9,542.68,99.46,68.25
07-02-2026 14:00,Zone_005,37.71582105,-122.4319015,9.34,169.5,33.8,41.7,457.22,329.38,-22,0,0.02,636.17,34.34,51.36
07-02-2026 15:00,Zone_002,37.79851702,-122.385633,1.21,17.7,28.2,56.4,302,941.57,-7,0,1.65,538.45,26.64,-16.55
07-02-2026 16:00,Zone_005,37.82331547,-122.4810997,7.13,68.8,11.3,53.1,252.68,1142.71,5,0,1.89,566.82,25.9,-7.58
07-02-2026 17:00,Zone_008,37.757063,-122.4705371,1.87,284.6,32.1,81.4,341,888.52,25,0,4.73,436.02,61.03,14.13
07-02-2026 18:00,Zone_009,37.81634178,-122.3572833,0.92,163.4,31.6,63.2,478.76,1069.61,-2,1,1.03,402.73,37.11,-31.23
07-02-2026 19:00,Zone_002,37.8446715,-122.4736763,1.11,108.6,21.1,38.3,407.55,802.57,29,0,1.91,419.3,66.25,87.01
07-02-2026 20:00,Zone_003,37.73056497,-122.4148409,10.09,138.2,24.6,78,68.01,526.43,-2,1,0.13,467.38,52.33,60.9
07-02-2026 21:00,Zone_003,37.77849944,-122.4131028,1.86,307.6,34.4,55.8,199.54,568.34,27,0,3.82,559.81,33.2,4.74
07-02-2026 22:00,Zone_001,37.74307069,-122.4265563,1.02,269.6,23.3,47.1,261.75,182.85,17,0,4.58,407.35,92.63,-5.05
07-02-2026 23:00,Zone_008,37.81892816,-122.4032882,5.54,98,32.6,54.4,191.53,134.6,-8,1,1.19,454.58,26.54,53.44
08-02-2026 00:00,Zone_006,37.786639,-122.465526,10.21,42.3,12.1,62.4,365.08,865.02,-4,0,2.14,673.51,97.88,13.63
08-02-2026 01:00,Zone_008,37.79518736,-122.4171007,3.52,90.7,14.8,52.3,421.82,582.27,0,0,0.61,666.76,71.76,-15.6
08-02-2026 02:00,Zone_009,37.81968712,-122.444174,5.35,331.5,21,45.7,379.11,707.44,12,0,2.28,676.41,101.52,14.52
08-02-2026 03:00,Zone_005,37.75939557,-122.4007499,0.96,209.4,24.6,55.9,495.2,713.43,-24,0,0.67,722.54,10.52,80.69
08-02-2026 04:00,Zone_003,37.83726351,-122.4788165,5.66,192.1,30.4,31.2,172.65,405.11,18,1,2.62,441.67,92.41,-39.71
08-02-2026 05:00,Zone_005,37.77995433,-122.4143684,7.14,214.7,34.7,80.2,443.75,623.48,23,0,3.67,457.1,15.67,5.25
08-02-2026 06:00,Zone_005,37.72369322,-122.4722094,7.07,131.8,19.7,41.1,394.98,617.84,14,0,2.77,516.74,114.51,94.35
08-02-2026 07:00,Zone_005,37.80438487,-122.4582035,4.32,290.6,11.2,32.9,212.98,527.27,-27,1,1.23,720.3,87.3,-47.78
08-02-2026 08:00,Zone_003,37.8189892,-122.4671935,4.13,188.4,30,72.5,380.36,1002.74,-17,0,1.77,671.42,45.22,83.6
08-02-2026 09:00,Zone_010,37.74751425,-122.4725743,1.73,42,25.1,80.3,96.83,596.28,11,0,3.19,513.44,45.18,6.23
08-02-2026 10:00,Zone_004,37.82857689,-122.3761434,4.72,46.5,15,82.9,405.2,764.01,11,0,2.95,430.67,104.76,-21.57
08-02-2026 11:00,Zone_009,37.83592149,-122.4571439,1.64,193.3,22.4,62.1,289.55,1085.07,-21,0,0.68,615.73,109.31,-47.75
08-02-2026 12:00,Zone_010,37.74153567,-122.3609314,9.32,337.2,28.6,43.3,181.53,1052.86,28,0,4.22,489.89,108.07,-39.42
08-02-2026 13:00,Zone_009,37.84752822,-122.354511,11.61,111,29.3,77.9,345.1,1079.46,13,0,2.38,585.9,98.96,-24.22
08-02-2026 14:00,Zone_002,37.72110673,-122.4143109,11.66,313,22.5,75.5,338.73,397.01,3,1,0.81,729.63,100.09,-46.19
08-02-2026 15:00,Zone_008,37.73030235,-122.4785498,10.45,275.1,17.6,46,144.27,138.48,-5,0,0.61,600.42,73,0.38
08-02-2026 16:00,Zone_008,37.72763373,-122.4438178,7.41,89.2,34.3,88.7,63.68,387.17,-8,0,4.83,723.34,13.11,-43.27
08-02-2026 17:00,Zone_007,37.83409846,-122.3803402,8.56,13.1,26.6,36.8,245.13,406.58,-22,0,1.41,537.56,19.55,53.83
08-02-2026 18:00,Zone_008,37.79814388,-122.4448914,3.78,36.7,20.2,93.9,306.28,1100.3,30,0,4.54,621.67,81.45,72.84
08-02-2026 19:00,Zone_003,37.72281564,-122.4869474,7.75,262.3,17,85.9,444.47,814.17,6,1,2.05,712.86,54.13,83.12
08-02-2026 20:00,Zone_006,37.76604851,-122.4164823,5.74,71.9,28.3,74.7,467.7,189.87,-23,0,1.93,605.8,72.4,32.37
08-02-2026 21:00,Zone_001,37.7922947,-122.3732319,6.04,133.7,16.1,91,287.96,248.92,22,0,3.5,615.21,35.42,91.98
08-02-2026 22:00,Zone_007,37.71251961,-122.380611,9.21,180.6,14.3,77,389.21,271.24,-17,0,0.05,650.71,81.44,-49.15
08-02-2026 23:00,Zone_001,37.83236246,-122.4737315,3.74,261.2,23.2,42.4,247.69,793.46,-24,0,1.69,708.74,36.71,-29.9
09-02-2026 00:00,Zone_009,37.82054053,-122.3990853,4.16,40.8,17.2,58.7,385.74,908.96,-24,1,1.51,430.86,60.69,-6.03
09-02-2026 01:00,Zone_001,37.77578102,-122.4669244,11.13,146.3,25.7,34.6,142.16,1045.61,-22,0,4.34,517.9,62.66,68.35
09-02-2026 02:00,Zone_001,37.84506899,-122.4672689,1.15,174.6,12.9,55.3,216.98,1134.7,-28,0,2.65,539.19,29.54,82.81
09-02-2026 03:00,Zone_007,37.76266415,-122.3688892,6.08,194.7,26.4,78.2,335.4,321.88,-17,0,1.82,718.4,106.38,42.72
09-02-2026 04:00,Zone_002,37.84761655,-122.4625497,11,294.6,17.1,55.1,58.17,440.75,-14,0,1.33,734.6,67.84,7.49
09-02-2026 05:00,Zone_005,37.800188,-122.4605129,7.52,61.8,10,51.5,375.11,364.36,19,0,2.95,442.13,105.35,49.88
09-02-2026 06:00,Zone_008,37.79520069,-122.499902,6.78,290.8,13.2,68.7,425.99,494.64,13,0,0.76,441.69,38.88,-22.87
09-02-2026 07:00,Zone_008,37.72489323,-122.3693996,3.37,249.4,33.3,86.7,229.61,1106.13,-9,1,1.23,727.2,28.96,18.68
09-02-2026 08:00,Zone_003,37.83228916,-122.3811108,4.45,200.1,31.7,33.1,251.57,732.62,15,0,1.47,503.52,11.98,26.13
09-02-2026 09:00,Zone_007,37.76412345,-122.4059007,10.3,251.8,15.8,55.1,433.08,912.01,-5,1,3.04,484.64,20.33,-34.27
09-02-2026 10:00,Zone_003,37.72433501,-122.3874601,6.93,148.3,29.5,40.3,399.04,639.13,27,0,1.87,412.47,26.22,-44.92
09-02-2026 11:00,Zone_006,37.70189113,-122.4771927,6.42,49.8,25.2,75.2,179.67,131.74,-3,1,2.53,496.46,18.67,62.52
09-02-2026 12:00,Zone_006,37.78396335,-122.4312515,1.65,239.7,34.3,36.9,195.79,170.62,14,0,3.25,642.73,108.66,30.21
09-02-2026 13:00,Zone_003,37.77910994,-122.4473171,0.68,188.9,19.3,73.2,355.5,691.72,-17,1,4.78,549.11,110.26,-0.16
09-02-2026 14:00,Zone_007,37.80790304,-122.4859335,11.58,230.2,27,48.6,303.44,890.67,-22,0,3.82,580.9,113.11,15.58
09-02-2026 15:00,Zone_003,37.83353871,-122.4270804,4.84,121.7,11.6,42.9,123,336.86,20,0,2.03,721.05,115.58,93.66
09-02-2026 16:00,Zone_008,37.71191099,-122.3618891,7.44,326.5,19.9,90.9,189.47,894.1,-5,1,3.74,440.14,64.1,7.74
09-02-2026 17:00,Zone_010,37.80972447,-122.4939911,1.42,211.5,34.1,31.2,454.99,991.73,-29,0,4.75,424.93,68.3,-34.48
09-02-2026 18:00,Zone_004,37.72811179,-122.4562809,8.36,30.7,23.5,58.5,359.68,553.09,-20,0,2.5,698.18,24.39,19.54
09-02-2026 19:00,Zone_001,37.82872656,-122.4688689,11.22,161.9,17.2,31.4,493.69,921.06,-14,0,2.05,671.2,25.08,47.21
09-02-2026 20:00,Zone_004,37.82285953,-122.464278,7.12,272.3,13,61.4,395.16,544.43,3,0,0.39,492.31,95,-48.18
09-02-2026 21:00,Zone_007,37.78111906,-122.3637348,1.95,285.9,27.6,62.6,473.89,846.19,-12,0,4.46,513.48,104.13,-0.15
09-02-2026 22:00,Zone_004,37.80653642,-122.4297896,7.19,178.1,26.1,50.9,147.28,940.4,8,0,1.23,508.6,96.32,9.03
09-02-2026 23:00,Zone_006,37.74715252,-122.4300551,9.31,322.1,19.3,38.6,397.17,1191.12,-13,0,0.32,626.73,101.8,19.56
10-02-2026 00:00,Zone_009,37.77067518,-122.3859137,5.17,96.4,33.8,54.5,59.1,479.94,-18,0,2.69,421.42,40.42,-4.75
10-02-2026 01:00,Zone_001,37.82324553,-122.4768262,10.62,147.8,10.6,73.7,351.84,552.14,-26,0,4.23,571.29,61.27,50.04
10-02-2026 02:00,Zone_005,37.76888978,-122.4269102,7.96,323.5,17.6,80.9,261.18,282.18,19,0,2.03,446.86,60.51,91.71
10-02-2026 03:00,Zone_007,37.75366974,-122.4355022,10.84,322.7,33,64.5,206.04,324.48,-8,0,3.92,686.91,119.48,87.1
10-02-2026 04:00,Zone_001,37.77413187,-122.4104634,7.67,246.9,18,68.3,438.08,862.73,27,1,4.18,533.23,114.41,49.66
10-02-2026 05:00,Zone_004,37.82423739,-122.3500663,2.01,309.2,16.3,43,434.42,1108.75,25,0,2.27,584.65,75.83,26.03
10-02-2026 06:00,Zone_006,37.75028121,-122.3845827,4.06,32,23.4,48.7,60.04,534.07,-7,1,2.95,410.26,25.18,73.87
10-02-2026 07:00,Zone_002,37.72606424,-122.4403201,2.82,311.4,30.6,40.5,324.28,297.83,-2,1,2.67,420.39,38.45,75.39
10-02-2026 08:00,Zone_010,37.8068021,-122.375867,10.95,115.4,12.6,46.2,215.52,413.61,17,1,4.7,636.27,50.01,74.44
10-02-2026 09:00,Zone_005,37.82389673,-122.4743937,9.24,64.2,33.6,44.6,237.05,600.56,16,1,3.63,668.37,106.05,-26.32
10-02-2026 10:00,Zone_010,37.71509562,-122.4954304,8.28,86.2,29.9,63.8,424.42,419.72,-23,1,4.63,648.51,28.77,-46.19
10-02-2026 11:00,Zone_001,37.73598112,-122.4693327,3.96,150.5,14.5,66.6,189.43,356.94,-5,0,1.1,657.96,34.17,97.48
10-02-2026 12:00,Zone_006,37.7212958,-122.4489383,2.62,90.4,27.8,91.4,474.37,909.58,-16,0,1.55,436.62,48.43,93.95
10-02-2026 13:00,Zone_006,37.75219121,-122.4234129,9.2,115.4,19.6,42.7,130.84,108.63,26,0,0.35,642.71,111.96,34.66
10-02-2026 14:00,Zone_004,37.76755265,-122.4077306,5.95,48.6,20.1,71.7,348.23,693.15,-30,1,2.5,463.61,65.42,98.96
10-02-2026 15:00,Zone_008,37.81232395,-122.3634091,3.1,106.6,29.6,83.1,352.45,973.14,-3,1,4.37,434.31,81.15,65.58
10-02-2026 16:00,Zone_004,37.79767214,-122.4235219,7.59,206,34.1,66.4,163.49,392.85,18,1,1.63,665.01,52.59,27.61
10-02-2026 17:00,Zone_008,37.79313929,-122.4248087,0.96,159.1,13.2,46.6,196.14,763.62,16,1,0.64,711.29,30.74,8.4
10-02-2026 18:00,Zone_008,37.75285624,-122.4924635,4.25,124.8,20.5,47.1,425.66,835.79,15,1,0.34,650.85,34.51,38.93
10-02-2026 19:00,Zone_005,37.82621713,-122.4947633,5.89,268.7,22,32.6,392.81,820.53,-17,0,2.24,681.95,98.29,27.37
10-02-2026 20:00,Zone_004,37.77069308,-122.417326,2.2,321.7,19.4,49.9,198.09,590.43,11,1,0.82,746.88,108.28,99.07
10-02-2026 21:00,Zone_002,37.84686574,-122.4342732,11.82,272.4,19.1,78.4,290.28,481.24,3,0,1.73,447.16,64.24,23.57
10-02-2026 22:00,Zone_003,37.79512132,-122.3741229,2.9,119.5,11.3,33.1,77.76,1019.52,28,0,4.1,737.8,49.27,75.39
10-02-2026 23:00,Zone_003,37.71893971,-122.4758981,2,268,27.1,44.3,143.94,934.29,0,0,1.92,610.42,98.86,72.04
11-02-2026 00:00,Zone_004,37.80142663,-122.4962543,2.84,54.7,20.9,75.9,268.62,453.38,-25,0,3.05,684.64,84.04,-39.29
11-02-2026 01:00,Zone_004,37.7487656,-122.4326442,9.34,46.9,14.9,80.9,88.69,213.32,18,1,2.51,627.56,14.5,-36.95
11-02-2026 02:00,Zone_010,37.80294908,-122.4643782,5.39,124.4,30.4,59.6,429.5,178.99,-26,0,3.59,599.51,48.58,48.97
11-02-2026 03:00,Zone_005,37.71044617,-122.4925578,7,290.8,30.1,75.4,373.1,203.7,0,1,0.78,646.27,85.04,-11.13
11-02-2026 04:00,Zone_004,37.72623222,-122.3913103,0.74,88.7,22.2,55.2,474.64,741.16,6,0,4.6,512.09,73.1,48.63
11-02-2026 05:00,Zone_010,37.82836059,-122.4832611,0.9,22.8,17.5,40.4,362.06,156.83,-16,0,3.22,723.5,117.59,-28.31
11-02-2026 06:00,Zone_008,37.73407693,-122.4087521,5.63,47.4,26,55.9,473.18,470.62,-16,1,1.35,440.35,105.27,9.56
11-02-2026 07:00,Zone_006,37.82555617,-122.4578425,9.89,309.1,17.2,67.7,299.53,928.52,21,1,0.62,511.31,16.57,-34.63
11-02-2026 08:00,Zone_006,37.74189141,-122.4739756,10.68,228.2,15.9,91.6,320.1,423.78,12,0,0.75,410.91,89.83,-7.69
11-02-2026 09:00,Zone_008,37.79643229,-122.4430373,1.5,91.2,28.3,34.5,489.64,939.64,-26,0,3.91,494.96,47,-36.76
11-02-2026 10:00,Zone_007,37.80412259,-122.3797831,6.69,199.9,11,63,338.96,920.01,-3,0,2.94,476.37,85.03,95.59
11-02-2026 11:00,Zone_010,37.77689821,-122.441186,11,189.9,12.4,51.4,63.85,370.41,2,1,1.9,417.37,77.89,9.26
11-02-2026 12:00,Zone_010,37.7457966,-122.3873846,4.96,236,10.2,63,375.71,901.7,-20,1,1.66,572.12,65.34,85.18
11-02-2026 13:00,Zone_008,37.73189666,-122.4811771,10.04,83.9,13.8,31.6,457.46,922.55,12,0,4.28,564.02,103.82,95.68
11-02-2026 14:00,Zone_002,37.7049784,-122.3840843,2.04,311.2,11.7,50.3,408.01,537.2,-25,0,4.37,427.21,87.96,86.43
11-02-2026 15:00,Zone_009,37.74559196,-122.46446,11.26,111.4,34.9,83.3,312.72,331.46,-8,1,2.91,491.65,107.85,18.24
11-02-2026 16:00,Zone_001,37.79797442,-122.398391,9.14,249.9,17.2,66,352.09,673.4,9,1,2.62,733.66,40.98,66.83
11-02-2026 17:00,Zone_008,37.84074572,-122.4151328,11.33,5.8,13.7,59.3,495.59,1113.54,-29,1,4.08,438.76,48.29,-26.95
11-02-2026 18:00,Zone_004,37.83068067,-122.3606283,8.28,134.2,16,48.6,90.8,803.58,-16,0,3.75,506.76,78.41,-35.78
11-02-2026 19:00,Zone_004,37.81490972,-122.4419016,4.68,126.6,33.4,49.4,350.26,290.21,-8,1,2,412.55,116.31,81.54
11-02-2026 20:00,Zone_005,37.8182671,-122.4900752,11.29,195.7,23,54.9,177.53,851.03,-9,1,0.41,452.11,50.87,-45.33
11-02-2026 21:00,Zone_008,37.79974774,-122.4971267,3.67,26.2,19.1,84.3,338.04,569.92,-22,1,3.84,644.79,13.55,95.85
11-02-2026 22:00,Zone_005,37.73904303,-122.3759712,4.32,284.4,31.8,92.9,323.43,750.68,16,0,0.84,528.35,59.05,50.82
11-02-2026 23:00,Zone_008,37.83607925,-122.4212897,8.56,78.4,19.9,58.5,119.06,907.47,9,1,0.08,558.23,69.83,12.94
12-02-2026 00:00,Zone_010,37.80060985,-122.3837134,9.3,243.7,18.4,55.6,143.04,666.44,-1,1,4.22,454.94,98.11,-28.79
12-02-2026 01:00,Zone_001,37.78406609,-122.4648362,11.19,289.2,15.2,85,329.73,995.38,-15,1,2.89,638.75,90.15,58.48
12-02-2026 02:00,Zone_010,37.71664842,-122.4482374,2.86,202.3,19.4,57.7,107.7,894.37,28,0,4.46,663.03,116.11,34.47
12-02-2026 03:00,Zone_009,37.76705833,-122.4954844,9.68,266.7,17.9,65.9,169.33,776.58,15,0,2.42,463.39,96.1,56.67
12-02-2026 04:00,Zone_006,37.76905374,-122.3557762,8.99,238.3,26.9,45,425.86,265.87,16,0,4.63,415.75,42.85,12.69
12-02-2026 05:00,Zone_003,37.82968454,-122.3998198,1.23,128,17.2,78.3,197.19,1019.54,21,0,1.77,428.33,80.55,-40.06
12-02-2026 06:00,Zone_008,37.78199723,-122.3600192,4.95,291.2,24.4,64.6,269.63,1129.5,-1,0,3.62,629.97,83.95,-2.75
12-02-2026 07:00,Zone_009,37.75706008,-122.4601755,3.75,106.1,11.6,82.6,473.51,250.66,14,0,1.5,447.43,119.78,-2.75
12-02-2026 08:00,Zone_006,37.84652005,-122.4082805,4,205.6,14.8,80.7,152.22,637.07,-22,0,0.01,572.87,25.26,-48.7
12-02-2026 09:00,Zone_007,37.71660809,-122.398225,11.8,268.3,20.2,44,225.33,384.78,-30,1,1.9,453.42,31.05,-48.56
12-02-2026 10:00,Zone_001,37.76338226,-122.4523675,7.89,136.4,33.4,76.5,322.91,929.98,28,0,3.69,459.55,27.11,-0.39
12-02-2026 11:00,Zone_005,37.7063037,-122.3727836,8.75,109,19.4,82,389.9,893.79,7,0,0.75,401.53,74.8,59.14
12-02-2026 12:00,Zone_005,37.81098562,-122.3579258,11.73,165.4,26.6,52.5,455.74,254.97,-23,1,2.52,512.29,24.88,43.61
12-02-2026 13:00,Zone_010,37.83771148,-122.3672717,4.84,294.5,16.4,41.2,461.96,1064.73,28,0,1.06,431.43,82.16,-14.15
12-02-2026 14:00,Zone_004,37.7420056,-122.38914,9.72,334.8,13.2,30.2,399.49,299.07,28,0,0.37,537.89,98.42,40.41
12-02-2026 15:00,Zone_006,37.82875125,-122.4583803,5.5,196.2,11.5,59.3,152.75,976.98,21,0,3.09,609.22,57.61,47.11
12-02-2026 16:00,Zone_007,37.74383273,-122.4577576,10.5,238.1,17.6,52.9,61.16,602.68,-13,0,4.76,528.64,71.68,28.39
12-02-2026 17:00,Zone_009,37.83661552,-122.355496,2.58,325.2,13.9,66.1,222.7,461.1,-4,0,1.55,646.78,110.4,28.2
12-02-2026 18:00,Zone_001,37.81309429,-122.4984573,11.4,35.5,14.4,42.2,113.7,274.06,-13,0,2.9,659.51,72.65,5.46
12-02-2026 19:00,Zone_006,37.82073602,-122.3925925,3.02,83.5,29,85.9,369.67,284.38,1,1,4.77,643.81,32.95,-31.49
12-02-2026 20:00,Zone_007,37.70270098,-122.3940631,4.25,255.2,10.4,46.8,347.51,828.08,27,0,3.25,727.85,47.75,7.82
12-02-2026 21:00,Zone_003,37.84442155,-122.4065966,9.2,296.5,23.9,44.7,69.79,705.47,18,0,3.37,483.05,68.28,1.8
12-02-2026 22:00,Zone_008,37.80900065,-122.3514837,5.03,308.5,19.5,61.2,426.47,234.29,1,1,0.89,466.31,27.04,38.8
12-02-2026 23:00,Zone_005,37.74571266,-122.4532181,7.49,149.4,22.7,62.4,161.93,223.97,22,0,2.46,613.4,77.38,78.44
13-02-2026 00:00,Zone_009,37.8244092,-122.4490042,5.61,32.2,24.1,44,244.5,179.54,17,0,1.84,608.21,119.92,6.31
13-02-2026 01:00,Zone_005,37.74222818,-122.4881591,9.04,157.6,17.8,47.7,350.57,918.14,14,1,2.35,578.53,81.78,56.46
13-02-2026 02:00,Zone_009,37.83091308,-122.4335803,3.13,83.1,17.4,41,243.24,883.07,23,0,4,401.52,50.97,71.77
13-02-2026 03:00,Zone_010,37.71688706,-122.4608427,1.17,104.8,28.3,76.7,248.58,164.27,5,1,2.3,594.33,46.49,-18.24
13-02-2026 04:00,Zone_004,37.8055529,-122.448492,3.95,278,31.8,80.1,79.53,716.3,5,0,0.31,726.48,112.48,85.25
13-02-2026 05:00,Zone_009,37.78110477,-122.3748142,5.95,27.2,14.8,60.1,230.65,193.14,-10,1,4.53,517.1,105.87,-39.43
13-02-2026 06:00,Zone_005,37.71448017,-122.3596773,2.43,297.9,12.4,76.4,394.18,1094.12,15,0,2.72,738.66,61.96,85.26
13-02-2026 07:00,Zone_010,37.73628407,-122.47214,4.58,154,32.4,77.8,461.83,1097.83,1,0,4.62,524.86,48.88,-25.46
13-02-2026 08:00,Zone_009,37.70186061,-122.4441237,5.1,214.6,18.7,39,236.07,868.06,0,1,2.86,448.95,88.15,0.58
13-02-2026 09:00,Zone_003,37.77031519,-122.3607054,1.16,32.3,23.8,92.8,240.61,1118.81,6,1,0.35,539.44,44.6,40.79
13-02-2026 10:00,Zone_004,37.74518979,-122.4907287,7.21,121.4,19,83.4,366.18,992.6,-15,1,2.76,573.11,23.13,85.85
13-02-2026 11:00,Zone_009,37.78975362,-122.4861459,10.67,32.3,13.1,43.3,474.25,1011.39,15,1,2.88,620.31,44.12,-11.64
13-02-2026 12:00,Zone_010,37.74458567,-122.4755814,2.25,346.2,24.7,42.1,170.18,726.68,15,1,1.07,576.71,57.77,64.54
13-02-2026 13:00,Zone_006,37.74498787,-122.4107181,7.37,290.6,23.1,38.2,248.06,436.67,-17,0,2.36,587.85,38.1,56.57
13-02-2026 14:00,Zone_002,37.81147898,-122.4774292,8.14,165.5,15.1,39,408.19,339.58,26,0,2.3,408.42,33.85,-26.04
13-02-2026 15:00,Zone_007,37.70722143,-122.3547885,5.32,80.5,21.3,78.6,324.36,459.92,-7,0,3.11,488.77,10.68,21.92
13-02-2026 16:00,Zone_002,37.83543425,-122.4329928,8.56,336,29.9,60.5,99.76,791.34,-6,1,1.3,508.74,79.39,22.23
13-02-2026 17:00,Zone_002,37.82783958,-122.4247723,5.22,124.1,24.8,80.9,332.48,289.92,30,1,2.91,745.48,77.59,-4.31
13-02-2026 18:00,Zone_001,37.8001707,-122.4630012,6.3,58,12.4,78.5,134.04,384.5,15,1,1.2,503.45,30.68,66.99
13-02-2026 19:00,Zone_003,37.78898324,-122.429356,0.58,202.7,23.7,69.3,279.6,614.87,20,1,2.23,713.8,113.8,88.89
13-02-2026 20:00,Zone_006,37.83384537,-122.400713,8.45,339.8,27.6,74.6,288.1,356.36,4,1,0.61,506.66,55.05,57.49
13-02-2026 21:00,Zone_008,37.72779953,-122.3873234,8.11,1.4,29.8,31.2,444.29,747.51,-14,0,0.19,433.64,12.8,95.94
13-02-2026 22:00,Zone_009,37.71184537,-122.3869198,0.94,85.7,25.7,50.3,258.12,1115.49,15,0,1.6,486.67,34.17,-42.43
13-02-2026 23:00,Zone_007,37.73592653,-122.4133163,4.73,337.8,13.8,71.5,175.75,922.9,11,1,1.37,495.49,86.13,-44.42
14-02-2026 00:00,Zone_004,37.81918674,-122.364346,11.76,61.6,27.8,30.6,153.93,833.07,14,0,2.03,742.39,32.18,84.08
14-02-2026 01:00,Zone_006,37.70520054,-122.3773888,5.34,40.8,26.9,32.1,443.41,740.99,23,0,4.81,636,15.93,84.67
14-02-2026 02:00,Zone_005,37.78742103,-122.3864428,6.27,205.3,10.6,85.4,126.95,636.74,-27,0,2.61,726.09,77.95,-33.93
14-02-2026 03:00,Zone_008,37.84931563,-122.4916592,10.96,310.3,20.3,74.5,241.64,305.22,-20,0,2.77,692.25,67.02,3.62
14-02-2026 04:00,Zone_001,37.82835441,-122.4989683,8.75,171.8,18.3,47.2,134.23,1084.18,16,1,4.71,602.51,93.74,75.31
14-02-2026 05:00,Zone_001,37.77821685,-122.4681329,7.19,358,26.7,74.7,397.99,373.39,-16,0,4.61,636.39,94.99,-30.72
14-02-2026 06:00,Zone_006,37.70954614,-122.4004715,9.67,244.5,15.4,81.5,263.47,200.44,-1,1,4.42,618.69,115.59,-9.89
14-02-2026 07:00,Zone_010,37.82470603,-122.4383204,10.44,26.7,24.8,49.9,208.01,925.02,-7,0,0.49,633.19,16.27,52.15
14-02-2026 08:00,Zone_002,37.78984678,-122.4396391,5.75,357.4,32.8,32.3,212.49,293.18,-29,1,3.17,492.67,14.29,97.28
14-02-2026 09:00,Zone_005,37.71723995,-122.367312,5.96,146.8,29.9,90.6,433.5,509.09,12,1,4.04,542.84,118.59,69.57
14-02-2026 10:00,Zone_001,37.71407859,-122.3656656,4.94,103.5,33,52.4,299.2,131.11,3,1,4.18,607.42,80.93,66.6
14-02-2026 11:00,Zone_007,37.83644402,-122.3636237,11.62,200.8,34.5,36.9,373.04,250.77,-8,1,2.89,412.57,88.69,1.4
14-02-2026 12:00,Zone_001,37.80038004,-122.4529183,8.52,109.6,10.3,62,453.67,290.52,30,0,0.09,568.99,20.61,49.2
14-02-2026 13:00,Zone_004,37.82439302,-122.3963416,1.46,31.1,25.6,80,455.78,159.85,0,0,4.87,700.9,17.68,-33.04
14-02-2026 14:00,Zone_009,37.83184684,-122.459255,10.42,0.5,20.3,44.4,197.83,822.32,6,0,2.36,572.33,27.63,98.84
14-02-2026 15:00,Zone_001,37.78576585,-122.4714085,6.03,161.9,31.5,47.5,478.6,1020.71,-18,1,1.97,593.31,56.99,22.09
14-02-2026 16:00,Zone_004,37.77761695,-122.4723051,1.29,301.3,16.3,45.8,61.19,510.65,2,1,1.97,470.67,22.12,45.82
14-02-2026 17:00,Zone_006,37.76456411,-122.4486839,6.82,206,34.5,94.5,219.58,1062.03,-24,0,2.12,678.02,59.1,81.43
14-02-2026 18:00,Zone_006,37.74754199,-122.4355064,5.3,359.7,25.3,42.8,453.11,334.68,1,1,1.21,525.61,71.77,-49.86
14-02-2026 19:00,Zone_008,37.76518939,-122.3753576,10.59,103.3,29.8,67.4,173.59,457.93,-24,0,1.64,734.81,10.04,96.4
14-02-2026 20:00,Zone_001,37.81608195,-122.4820163,2.85,101,12.1,90.1,172.89,265.81,11,0,4.93,747.8,22.57,3.87
14-02-2026 21:00,Zone_007,37.79028851,-122.3897611,10,57.5,14.6,39.5,186.18,782.62,7,1,1.84,720.6,51.27,0.94
14-02-2026 22:00,Zone_001,37.83387849,-122.4202818,6.91,59.1,29,93.1,325.54,561.86,21,0,2.63,429.71,15.87,-28.24
14-02-2026 23:00,Zone_007,37.766507,-122.4568082,1.13,102.7,10.5,91.6,247.25,774.61,13,0,4.24,516.61,24.69,78.73
15-02-2026 00:00,Zone_003,37.79106344,-122.4260771,11.68,285.4,30.4,87.5,377.03,937.84,-18,1,2.64,730.8,35.5,80.63
15-02-2026 01:00,Zone_008,37.79469613,-122.4550087,6.4,326.1,10.3,43.9,452.71,700.27,-7,1,1.62,681.59,57.26,-47
15-02-2026 02:00,Zone_003,37.78875457,-122.4105877,3.85,351,26.4,71.2,353.39,790.39,-3,0,2.62,718.91,88.63,-41.64
15-02-2026 03:00,Zone_001,37.80539507,-122.4349234,5.9,83.6,19.1,79.5,142.01,1128.78,1,1,0.57,600.39,24.6,87.75
15-02-2026 04:00,Zone_008,37.73561502,-122.4753392,10.37,317.3,25.3,94.1,469.71,428.97,12,0,0.65,568.14,91.18,-31.57
15-02-2026 05:00,Zone_003,37.77685457,-122.4825125,4.01,118.2,27.4,41.7,169.02,495.08,-13,0,3.47,437.27,104.06,43.14
15-02-2026 06:00,Zone_002,37.71563372,-122.4179956,2.72,40.6,18.6,79.8,117.45,889.47,3,1,4.59,693.82,81.66,42.95
15-02-2026 07:00,Zone_001,37.7576767,-122.364638,1.98,313.2,12.7,52,90.49,772.44,17,0,3.63,660.8,14.81,80.46
15-02-2026 08:00,Zone_003,37.77315006,-122.4484063,3.93,229,11.7,41.4,303.52,296.39,3,0,0.37,420.61,58.47,35.9
15-02-2026 09:00,Zone_002,37.79783364,-122.39005,9.47,59.3,24.7,57.4,101.19,513.76,20,0,2.01,473.3,82.61,15.1
15-02-2026 10:00,Zone_002,37.84257966,-122.4012008,5.92,154.7,23,81.6,112.45,614.62,7,1,0.01,595.05,117.64,96.16
15-02-2026 11:00,Zone_006,37.79009766,-122.3602668,3.12,103.4,28.6,60.2,185.01,561.33,-30,0,2.56,639.54,114.7,-15.68
15-02-2026 12:00,Zone_001,37.81153909,-122.3768528,2.41,265.2,22.7,64.9,176.74,296.1,12,0,0.97,448.18,53.53,-10.59
15-02-2026 13:00,Zone_002,37.77593991,-122.4150092,4.33,163.2,20.6,94.7,321.91,1116.87,19,0,4.34,485.69,77.75,-37.28
15-02-2026 14:00,Zone_006,37.7951156,-122.4014454,11.31,356.1,20,55.9,417.54,938.55,11,0,0.52,467.59,107.99,96.3
15-02-2026 15:00,Zone_003,37.71063983,-122.365242,4.44,19.7,10.7,70,392.61,629.49,0,0,0.01,477,101.42,55.95
15-02-2026 16:00,Zone_004,37.73815874,-122.4400722,11.86,127.8,18.4,53.7,168.12,848.07,19,0,2.26,722.25,62.74,-48.19
15-02-2026 17:00,Zone_001,37.75427796,-122.4509808,6.08,173.5,34.4,55.5,160.39,1087.01,29,1,0.78,650.54,38.74,55.65
15-02-2026 18:00,Zone_008,37.770874,-122.4983783,2.56,181.1,31.8,75.2,484.61,249.79,-30,1,3.69,657.99,25.08,10.62
15-02-2026 19:00,Zone_007,37.70684731,-122.3760173,10.75,113.7,18.2,91,53.71,375.41,20,1,4.6,677.9,63.68,95.13
15-02-2026 20:00,Zone_007,37.72100361,-122.3798529,5.79,262.5,24.7,65.3,445.87,696.97,-15,0,0.21,524.8,89.51,-8.39
15-02-2026 21:00,Zone_003,37.74152215,-122.4843318,8.66,314.9,31.2,79.9,139.88,978.91,27,0,1.98,668.51,116.67,56.54
15-02-2026 22:00,Zone_010,37.8457299,-122.4134714,11.81,337.9,21,35.8,476.28,139.88,8,0,4.98,742.44,104.8,44.12
15-02-2026 23:00,Zone_010,37.74970205,-122.4304027,1.08,289.8,10.4,43.7,204.04,1182.42,-16,0,3.66,644.44,32.47,-48.19
16-02-2026 00:00,Zone_003,37.77230616,-122.4821936,1.61,306.2,11.9,62.6,248.16,600.4,30,0,4.77,545.86,89.18,82.78
16-02-2026 01:00,Zone_002,37.72941466,-122.3529148,8.79,198.2,22.8,31.3,368.2,495.15,2,1,0.82,650.73,41.8,-29.06
16-02-2026 02:00,Zone_001,37.79161701,-122.4677956,3.74,297.3,34.2,46.4,314.45,422,-8,0,1.11,715.28,85.18,49.54
16-02-2026 03:00,Zone_007,37.74210248,-122.4899149,2.62,109.3,27.3,63.6,193.07,291.79,22,0,0.77,445.07,83.24,66.33
16-02-2026 04:00,Zone_007,37.73104889,-122.4107729,0.95,143.5,11.8,31,299.22,970.73,10,0,1.51,492.85,39.97,44.64
16-02-2026 05:00,Zone_002,37.77748589,-122.38917,0.75,114.1,14.7,47.2,378.82,1150.96,3,0,3.62,721.75,35.78,-35.43
16-02-2026 06:00,Zone_007,37.70082587,-122.4951335,9.41,168.3,29.3,63.4,69.05,555.01,-14,1,0.82,731.18,21.43,96.28
16-02-2026 07:00,Zone_008,37.7011496,-122.4011924,2.05,102.8,31,67.3,55.04,1147.66,-6,0,2.62,569.45,15.56,-14.48
16-02-2026 08:00,Zone_001,37.73286032,-122.4201562,5.88,346.2,25.4,90.2,256.13,1006.18,25,1,1.35,531.09,104.43,44.18
16-02-2026 09:00,Zone_009,37.7055082,-122.4845102,7.47,112.6,26.1,71.9,109.33,629.16,11,0,4.15,498.97,15.48,69.58
16-02-2026 10:00,Zone_007,37.71620386,-122.4741214,5.43,35.3,10.7,57,348.95,841.43,-25,1,0.03,574.56,19.76,90.89
16-02-2026 11:00,Zone_003,37.7508291,-122.4148039,0.81,189.7,30.7,90.5,146.32,578.48,0,0,1.12,727.09,36.27,40.6
16-02-2026 12:00,Zone_008,37.82038785,-122.4555464,9.51,20.6,29.7,81,244.78,714.6,-26,1,3.03,452.43,107.64,-11.14
16-02-2026 13:00,Zone_007,37.7858073,-122.3592526,0.62,39.8,16.5,43,138.95,163.85,9,0,0.48,546.94,46.62,75.5
16-02-2026 14:00,Zone_008,37.77690016,-122.377189,9.26,79,27.7,38.5,296.82,865.89,9,0,2.33,719.06,31.1,-25.52
16-02-2026 15:00,Zone_006,37.74402332,-122.3524649,10.77,167.2,15.4,73.9,102.22,158.11,-1,0,2.18,522.19,88.71,-46.66
16-02-2026 16:00,Zone_009,37.83976306,-122.4610494,5.48,156,11,66.4,60.4,998.79,-26,0,4.26,668.83,45.1,86.22
16-02-2026 17:00,Zone_005,37.75955226,-122.3545415,6.66,287.9,15,81.3,73.01,1007.44,-19,0,3.13,536.24,46.67,36.31
16-02-2026 18:00,Zone_003,37.71306392,-122.4353149,5.99,266.2,14.5,78,479.42,360.79,-24,1,3.2,681.72,91.29,-39.55
16-02-2026 19:00,Zone_003,37.79255998,-122.4478722,4.98,153.5,18.4,70.6,114.03,456.03,14,0,4.76,743.35,37.68,36.96
16-02-2026 20:00,Zone_001,37.71707576,-122.4924476,10.71,120.1,20.5,94.1,368.82,629.44,-18,0,4.91,535.74,108.64,-28.25
16-02-2026 21:00,Zone_008,37.75178347,-122.4920852,10.78,113.9,22.7,64.7,80.57,756.33,18,1,3.27,695.78,71.76,-45.29
16-02-2026 22:00,Zone_002,37.77611179,-122.3961983,4.36,278.6,21.9,37.4,98.67,416.09,-27,0,2.61,745.95,69.16,-32.52
16-02-2026 23:00,Zone_003,37.83113338,-122.4313107,7.57,18.7,16.8,83.8,278.99,751.74,19,0,3.04,744.34,39.12,66.27
17-02-2026 00:00,Zone_008,37.77403199,-122.4660218,11.16,4.6,10.7,46.4,259.19,427.57,11,1,1.91,551.82,101.86,63.35
17-02-2026 01:00,Zone_008,37.80533881,-122.4079045,11.56,286.4,25.1,80.5,478.21,161.04,-28,1,4.94,570.02,73,40.65
17-02-2026 02:00,Zone_004,37.84892253,-122.4620713,6.35,171.8,19.9,92.2,475.18,102.78,-19,1,3.53,506.19,27.11,-18.6
17-02-2026 03:00,Zone_004,37.71972337,-122.4133552,5.71,47.1,17.5,75.3,400.82,211.27,-30,1,1.46,509.91,32.69,60.85
17-02-2026 04:00,Zone_005,37.74120973,-122.4461187,3.7,84.8,31.7,68.7,320.95,971.48,-4,0,0.29,572.36,61.51,11.21
17-02-2026 05:00,Zone_006,37.75918641,-122.3764672,11.53,335.7,28.7,59.9,254.73,1157.57,12,1,0.22,470.18,95.76,26.61
17-02-2026 06:00,Zone_005,37.76327423,-122.3768956,2.14,309.4,31.4,53.7,210.28,569.66,19,0,1.02,648.89,113.32,84.65
17-02-2026 07:00,Zone_007,37.76165316,-122.4283974,7.17,255.5,22.4,52.9,476.19,663.95,-18,0,1.16,587.71,82.98,18.68
17-02-2026 08:00,Zone_002,37.83614165,-122.4473771,3.75,173.6,13.3,71.4,321.31,261.53,-14,1,2.08,714.32,65.68,43.95
17-02-2026 09:00,Zone_007,37.8071049,-122.445616,3.71,187.3,27.4,78.8,310.58,706.13,-23,0,1.07,683.7,37.58,94.26
17-02-2026 10:00,Zone_010,37.79118578,-122.3791428,5.16,351.1,15.2,74.1,154.36,259.12,1,0,3.15,512.86,84.02,17.71
17-02-2026 11:00,Zone_007,37.74640591,-122.4507731,11.99,347.7,21,42.9,71.01,772.34,-11,0,1.06,577.03,118.05,34.11
17-02-2026 12:00,Zone_001,37.82356856,-122.4686411,1.13,77.5,11.6,62.1,475.33,1126.58,20,0,0.94,662.68,62.38,37.66
17-02-2026 13:00,Zone_007,37.84325908,-122.4872967,7.15,292,30.6,81.5,191.18,315.27,-14,0,2.36,467.62,27.84,-13.89
17-02-2026 14:00,Zone_005,37.82317974,-122.429996,1.45,71,13.1,60.9,249.17,941.02,3,0,4.44,411.06,21.37,60.54
17-02-2026 15:00,Zone_003,37.70023477,-122.4276802,2.28,76.9,32.6,64.9,101.59,125.85,4,0,2.34,698.31,39.62,59
17-02-2026 16:00,Zone_003,37.79546021,-122.3738637,5.55,243.4,31.6,80.1,426.62,513.05,4,0,2.07,448.14,72.64,-17.97
17-02-2026 17:00,Zone_004,37.70767031,-122.4668142,6.37,145.8,21.6,73,62.43,221.82,7,0,2.89,711.29,114.15,-48
17-02-2026 18:00,Zone_002,37.73864108,-122.4428513,3.48,335.4,28.6,56.6,425.3,487.72,11,0,1.29,719.76,42.91,99.84
17-02-2026 19:00,Zone_002,37.70892871,-122.3787391,4.14,32,25.5,88.2,113.13,290.89,-7,1,1.77,561.25,43.59,37.24
17-02-2026 20:00,Zone_001,37.79056932,-122.3764565,1.5,184.1,30.1,40.6,448.95,510.64,23,0,1.07,682.37,62.93,-22.85
17-02-2026 21:00,Zone_005,37.80298849,-122.4423083,3.99,330.7,20.8,94.7,378.4,559.28,-13,1,2.86,527.12,111.04,-7.47
17-02-2026 22:00,Zone_004,37.71717315,-122.4311314,11.62,325.5,29.6,37.7,124.1,430.65,19,0,3.49,700.39,56.1,42.67
17-02-2026 23:00,Zone_010,37.75757583,-122.4545071,11.36,56.4,21.6,31,304.62,822.28,15,0,3.37,688.64,34.56,-29.36
18-02-2026 00:00,Zone_002,37.76843548,-122.3601168,4.35,132,33.5,87.9,190.7,1110.74,17,0,1.27,427.48,27.94,-44.41
18-02-2026 01:00,Zone_003,37.75535795,-122.4822034,7.06,222.9,22.2,45.9,130.2,540.65,8,0,3.9,603.91,60.27,69.77
18-02-2026 02:00,Zone_007,37.71815375,-122.3599376,10.96,57.4,21.6,77.4,436.63,311.58,2,0,1.28,624,98.07,57.38
18-02-2026 03:00,Zone_007,37.76284217,-122.39742,0.57,348.5,29.6,82.7,231.59,397.8,18,0,0.75,400.3,42.05,-3.56
18-02-2026 04:00,Zone_004,37.81267671,-122.4202642,9.82,329.3,30.5,85.8,229.34,1039.4,-8,0,1.75,742.97,66.38,-41.23
18-02-2026 05:00,Zone_005,37.71065115,-122.4951011,11.41,60.1,23.9,94.5,126.45,728.8,-6,0,2.99,542.3,76.33,22.94
18-02-2026 06:00,Zone_005,37.712027,-122.4286606,1.55,43.6,14.5,49.1,222.38,600.51,6,1,0.71,581.07,59.55,-8.57
18-02-2026 07:00,Zone_006,37.75321569,-122.4388378,2.36,30.7,21.7,76.2,442.23,264.6,-4,1,3.24,468.18,31.09,9.67
18-02-2026 08:00,Zone_009,37.84125886,-122.4758172,11.55,327.4,34.2,37.5,213.41,594.7,-30,0,4.32,613.82,111.39,-8.9
18-02-2026 09:00,Zone_002,37.8002859,-122.4015386,6.68,69.7,28.8,56.4,478.22,406.34,-10,1,1.47,683.72,72.2,-23.71
18-02-2026 10:00,Zone_005,37.80180049,-122.3543274,0.66,149.9,30.3,85.1,475.84,1137.48,28,1,2.25,605.06,90.2,8.05
18-02-2026 11:00,Zone_003,37.754288,-122.4156717,3.46,161.6,10.8,53.9,115.2,1072.48,18,0,1.14,675.81,79.96,94.73
18-02-2026 12:00,Zone_004,37.78904912,-122.392787,5.67,215.6,21.7,68.4,129.79,192.29,-21,1,1.81,655.89,119.79,-10.07
18-02-2026 13:00,Zone_010,37.70151968,-122.4897324,8.47,25.8,26.2,62.7,438.2,668.32,0,1,0.11,483.18,60.19,0.39
18-02-2026 14:00,Zone_006,37.79541441,-122.43735,8.93,81.6,30.8,72,226.74,347.56,13,0,4.77,552.53,56.75,-0.61
18-02-2026 15:00,Zone_008,37.83699304,-122.4825462,11.95,335.3,11.2,93.2,51.97,551.85,-6,1,2.08,452.02,49.62,22.04
18-02-2026 16:00,Zone_001,37.79188602,-122.4080806,3.81,327,31.3,33.6,173.24,1064.53,-11,1,3.94,414.68,49.78,76.53
18-02-2026 17:00,Zone_010,37.83105479,-122.3592277,6.69,281.3,23.7,67.3,318.93,680.27,26,0,0.71,422.07,40.33,10.32
18-02-2026 18:00,Zone_008,37.80859596,-122.4007333,6.63,7,14.9,86.1,409.67,467.64,-29,0,4.06,729.87,117.87,70.92
18-02-2026 19:00,Zone_007,37.71808376,-122.4884795,5.16,117.7,17.9,61.3,110.02,328.68,24,1,4.3,744.59,105.79,-32.75
18-02-2026 20:00,Zone_001,37.835368,-122.4468001,2.45,226.1,17,35.1,99.74,980.36,17,1,3.58,433.24,44.83,84.24
18-02-2026 21:00,Zone_002,37.70996658,-122.4174005,11.74,99.1,23.3,66.4,464.94,786.97,-16,0,4.52,517.32,43.58,-22.2
18-02-2026 22:00,Zone_003,37.78009512,-122.4395188,10.31,327.5,11.3,51.6,388.02,614.87,-3,0,0.84,440.05,21.39,-44.12
18-02-2026 23:00,Zone_001,37.72132057,-122.3749534,6.23,228.2,14,40.1,315.4,339.23,-18,1,2.38,691.98,106.47,-26.25
19-02-2026 00:00,Zone_009,37.70175599,-122.3777993,7.44,25.9,30.3,85.2,396.13,467.67,19,0,3.1,573.7,50.89,-21.39
19-02-2026 01:00,Zone_008,37.76330514,-122.4082253,3.11,327.2,13.3,63.9,242.98,1155.83,29,1,2.98,617.44,72.99,26.28
19-02-2026 02:00,Zone_002,37.74425611,-122.4439813,6.75,344.8,15.8,90.7,391.31,672.1,21,0,4.31,588.97,109.04,17.49
19-02-2026 03:00,Zone_009,37.77290007,-122.4616995,8.49,28,21.3,82.4,217.31,540.77,23,0,1.08,648.59,54.89,57.38
19-02-2026 04:00,Zone_007,37.78657998,-122.4841189,6.42,191.6,22.9,75,159.84,673.56,-17,0,0.88,511.7,98.76,-42.36
19-02-2026 05:00,Zone_009,37.70656086,-122.4467653,11.89,109.2,29.1,30.3,378.06,956.89,19,0,1.27,448.12,57.33,24.66
19-02-2026 06:00,Zone_006,37.71845049,-122.4380241,7.53,141.4,21.2,57.8,238.85,474.12,-29,0,4.46,406.17,87.1,-0.13
19-02-2026 07:00,Zone_006,37.78379636,-122.3986266,4.77,64.7,29.7,42.8,491.62,296.58,3,0,4.71,555.99,57.43,44.61
19-02-2026 08:00,Zone_004,37.7514751,-122.401276,9.38,208.1,25.5,89.2,207.27,743.43,4,1,2.85,717.74,53.2,-43.45
19-02-2026 09:00,Zone_010,37.80937602,-122.4894838,2.46,344.9,12.8,41.3,464.78,831.72,6,0,2.51,506.84,118.98,-44.76
19-02-2026 10:00,Zone_010,37.79784375,-122.4407111,4.92,181.1,13.9,48.6,469.83,883.99,-6,1,3.03,468.58,77.36,14.09
19-02-2026 11:00,Zone_002,37.82684065,-122.4727332,4.49,29.8,20.9,63.6,158.83,1070.19,17,0,3.08,724.11,50.41,71.7
19-02-2026 12:00,Zone_007,37.80387392,-122.4764781,5.47,223.2,19.9,47.1,409.2,508.29,23,0,0.85,436.91,38.36,50.66
19-02-2026 13:00,Zone_005,37.76448966,-122.3759047,9.49,122.5,28.6,43.6,244.88,182.89,-16,0,3.43,418.13,14.37,-47.49
19-02-2026 14:00,Zone_006,37.80094499,-122.4937127,6.07,308.1,24.5,68.9,462.89,1154.18,-19,0,2.26,707.79,87.72,-23.23
19-02-2026 15:00,Zone_002,37.74130718,-122.4371226,9.63,156.5,19.7,35.8,252.56,578.51,-22,1,2.59,645.32,50.94,-15.99
19-02-2026 16:00,Zone_005,37.74594702,-122.4747695,7.13,69.4,14.3,33.8,384.94,785.58,27,1,0.15,547.72,100.34,13.46
19-02-2026 17:00,Zone_010,37.81834777,-122.3681005,4.43,68.8,15.7,54.2,260.14,832.94,0,0,3.82,663.32,50.03,38.01
19-02-2026 18:00,Zone_004,37.76696293,-122.4164439,9.81,276.8,24.4,76.8,152.51,701.17,-17,1,4.18,659.5,51.07,-17.53
19-02-2026 19:00,Zone_009,37.81975705,-122.4652929,3.24,95.6,20.6,66.1,139.71,325.78,-2,0,3.1,414.02,95.71,7.38
19-02-2026 20:00,Zone_006,37.82336336,-122.4246359,3.08,276.2,22.9,57.5,241.44,930.66,22,0,3.74,636.69,63.84,37.59
19-02-2026 21:00,Zone_002,37.82863435,-122.390277,6.3,74.1,14.3,66.8,389.97,984.13,17,0,2.61,624.31,107.34,7.52
19-02-2026 22:00,Zone_001,37.83749529,-122.3562823,3.5,115.8,26.6,53.8,322.28,708.27,12,1,3.09,737.32,74.91,-28.52
19-02-2026 23:00,Zone_005,37.76464778,-122.4669331,0.6,167.6,31.3,90.8,359.88,637.42,7,0,1.97,738.32,36.47,23.75
20-02-2026 00:00,Zone_009,37.74783002,-122.3670727,7.96,339.6,16.4,33.6,177.05,225.33,11,1,3.96,532.23,72.51,-1.4
20-02-2026 01:00,Zone_006,37.78732981,-122.3598544,6.38,335.4,22.3,73.8,266.65,192.35,29,0,2.34,606.44,10.44,79.63
20-02-2026 02:00,Zone_010,37.75567586,-122.3625369,5.62,74.5,34.4,87.9,69.98,473.52,-23,0,3.4,449.48,44.36,66.34
20-02-2026 03:00,Zone_007,37.79016113,-122.4046878,11.62,129,18.3,82.3,417.89,441.93,17,1,3.11,423.26,32.87,-21.46
20-02-2026 04:00,Zone_005,37.80583788,-122.4055269,7.07,53.8,24.9,42,495.45,1149.02,-28,0,3.51,551.47,81.96,-27.1
20-02-2026 05:00,Zone_010,37.80326075,-122.4395184,10.43,183.6,12.3,49.2,233.1,961.99,-29,1,3.93,641.46,24.96,2.15
20-02-2026 06:00,Zone_006,37.75618293,-122.3871403,2.1,165.8,25.2,76.6,54.93,825.92,-15,1,2.56,598.72,41.91,11.83
20-02-2026 07:00,Zone_005,37.72502903,-122.4203059,7.05,324.3,12.2,35.5,126.41,669.41,-12,1,4.07,550.38,46.44,89.8
20-02-2026 08:00,Zone_009,37.7645794,-122.3983843,10.48,334.8,34,82.8,343.64,284.1,-1,0,2.49,686.34,10.36,-4.76
20-02-2026 09:00,Zone_006,37.72138912,-122.4357313,7.21,138.1,27.9,76.7,325.44,1176.3,10,0,4.78,678.05,15.14,80.14
20-02-2026 10:00,Zone_008,37.83351456,-122.3902755,8.76,177,29.7,77.4,404.54,512.54,-15,1,3.76,656.18,44.22,25.8
20-02-2026 11:00,Zone_002,37.75188162,-122.3763293,4.78,322.6,27.6,36.5,164.25,217.62,0,0,0.86,426.96,34.46,82.84
20-02-2026 12:00,Zone_009,37.72316896,-122.4780346,1.56,290.4,24.7,76.7,393.63,643.18,23,0,4.15,678.76,22.86,55.29
20-02-2026 13:00,Zone_005,37.70381716,-122.3750605,5.77,1.3,21.2,74.2,359.59,1061.4,27,0,2.76,721.8,26.96,56.26
20-02-2026 14:00,Zone_007,37.79687336,-122.4189555,5.04,115.2,31.5,84,195.27,1076.02,-3,0,4.92,420.8,101.91,27.82
20-02-2026 15:00,Zone_010,37.79553535,-122.3733001,10.47,151.8,33.9,32.7,295.47,112.06,-27,0,3.59,540.58,85.17,76.05
20-02-2026 16:00,Zone_001,37.75109062,-122.4353047,3.31,82.7,22.5,31.5,116.27,1074.93,-21,0,0.42,745.92,63.25,-11.84
20-02-2026 17:00,Zone_010,37.71075678,-122.4431439,11.62,71.8,33.3,54.2,253.65,398.63,20,0,1.97,609.73,109.98,86.1
20-02-2026 18:00,Zone_005,37.76144433,-122.3627409,11.52,13.6,24.6,39.7,446.54,142.87,14,0,2.59,579.75,13.25,45.52
20-02-2026 19:00,Zone_010,37.74668262,-122.4623246,3.35,231.6,23.5,66.3,239.54,1032.57,-13,0,4.2,462.11,47.94,15.81
20-02-2026 20:00,Zone_002,37.8015681,-122.3733682,4.5,94.5,21.4,89.6,427.81,1050.25,16,1,3.65,597.92,100.57,97.33
20-02-2026 21:00,Zone_006,37.79086689,-122.4273969,10.8,18.8,15.2,55.4,315.61,755.85,1,1,1.85,553.67,79.11,79.3
20-02-2026 22:00,Zone_001,37.75468906,-122.4228857,11.62,83.2,10.1,84.9,136.34,731.88,-1,0,3.27,444.61,117.99,65.8
20-02-2026 23:00,Zone_003,37.73268388,-122.4537298,5.6,288.7,16,30,311.5,994.43,5,0,2.88,562.52,113.9,-8.91
21-02-2026 00:00,Zone_005,37.84820539,-122.4140437,4.19,306.5,22.7,41,277.69,964.94,-22,0,0.63,457.54,28.69,96.06
21-02-2026 01:00,Zone_004,37.76810024,-122.4512183,6.55,173.9,19.5,32,229.39,1079.12,5,0,1.17,655.73,116.92,61.45
21-02-2026 02:00,Zone_003,37.80324114,-122.4941096,8.41,149.8,21.2,51.3,103.83,708.02,-2,1,1.71,740.78,114.01,40.78
21-02-2026 03:00,Zone_010,37.72108295,-122.4592002,3.64,352,34.5,89,237.52,1164.41,-15,1,0.98,564.35,51.1,88.27
21-02-2026 04:00,Zone_005,37.77283845,-122.4990431,8.97,72.2,18.8,36.3,82.74,1195.76,-3,1,0.75,621.33,118.12,-25.67
21-02-2026 05:00,Zone_008,37.70413051,-122.3532468,1.09,77.5,21.3,69.4,94.45,228.2,-10,0,0.29,550.84,13.94,-29.15
21-02-2026 06:00,Zone_004,37.77581827,-122.3551379,1.07,105.1,13.3,59.3,237.16,1034.5,16,0,4.37,448.46,82.68,34.56
21-02-2026 07:00,Zone_001,37.84460261,-122.4407267,4.94,62.2,11.2,91,187.42,649.8,25,1,1.44,739.69,39.28,-41.49
21-02-2026 08:00,Zone_007,37.75763101,-122.3907444,4.56,136.6,29.4,38,466.49,526.32,-29,0,1.45,445.35,24.24,49.6
21-02-2026 09:00,Zone_008,37.7058494,-122.4481291,4.13,327.9,24.3,43.8,219.07,774.38,29,0,1.03,439.07,73.53,-13.89
21-02-2026 10:00,Zone_003,37.70464337,-122.399336,6.15,221.5,29,31.9,391.04,161.56,28,0,2.38,560.71,43.7,-32.15
21-02-2026 11:00,Zone_006,37.75819801,-122.3791855,4.19,148.3,13.7,58.2,288.61,657.11,15,0,2.57,630.61,83.35,11.42
21-02-2026 12:00,Zone_002,37.72400374,-122.3579866,2.71,336.4,24.3,48.1,366.84,1057.98,4,0,1.04,524.22,69.4,19.89
21-02-2026 13:00,Zone_007,37.70350281,-122.4399682,4.06,17.4,16.3,86.5,167.05,334.81,23,0,3.04,467.38,53.18,-24.43
21-02-2026 14:00,Zone_008,37.81343204,-122.3825053,11.71,75.7,15.7,69.3,473.86,569.03,-3,1,3.61,686.64,30,-43.77
21-02-2026 15:00,Zone_006,37.76877845,-122.4601107,5.23,203.7,10.3,69.9,288.54,1133.43,24,1,1.87,527.09,76.14,12.11
21-02-2026 16:00,Zone_006,37.74338672,-122.3514502,5.61,221.6,13.3,64.6,424.1,571.42,5,0,2.93,468.01,101.22,63.93
21-02-2026 17:00,Zone_005,37.83501248,-122.4961346,7.13,14.2,17.7,36,214.27,494.2,0,0,2.51,527.78,76,81.13
21-02-2026 18:00,Zone_008,37.71742084,-122.4094707,11.81,145.1,12.9,58.9,95.1,584.59,2,0,0.98,475.09,77.16,-35.37
21-02-2026 19:00,Zone_001,37.84338782,-122.4010741,3.28,233.7,34.6,95,353.17,671.4,-8,1,3.65,581.81,66.3,28.7
21-02-2026 20:00,Zone_010,37.74709501,-122.3967932,8.33,251.3,17.7,84.3,53.49,795.19,29,0,4.01,633.9,52.71,-10.49
21-02-2026 21:00,Zone_004,37.83326055,-122.4819419,8.73,229.7,13.3,88.1,263.88,980.76,10,1,3.24,679.85,60.32,6.2
21-02-2026 22:00,Zone_004,37.79044143,-122.3592205,7.48,115.4,15,83.5,136.76,597.31,-14,0,1.62,479.65,118.85,90.02
21-02-2026 23:00,Zone_003,37.8240061,-122.4728225,1.52,33.7,24.7,36.7,332.32,999.23,15,1,4.63,458.43,92.46,2.81
22-02-2026 00:00,Zone_003,37.84760197,-122.406587,8.28,153.8,11.6,44.8,490.74,687.09,18,0,2.28,406.86,57.36,4.8
22-02-2026 01:00,Zone_004,37.74326082,-122.4665986,1.24,46.4,31.6,30.2,258.98,472.33,-30,0,1.33,479.83,60.3,-18.59
22-02-2026 02:00,Zone_001,37.84417032,-122.4539175,7.36,341.1,34,49.7,417.87,823.75,11,0,2.04,408.37,64.96,94
22-02-2026 03:00,Zone_002,37.75842228,-122.4180312,9.01,171.1,16.2,37.1,278.5,889.49,-8,0,3.46,520.92,82.52,18.47
22-02-2026 04:00,Zone_009,37.75782679,-122.437421,2.93,114.2,21.3,60.7,273.13,713.85,17,1,4.23,450.99,61.26,35.56
22-02-2026 05:00,Zone_010,37.75105807,-122.4759662,10.18,275.9,10.6,74,468.69,162.28,-4,1,1.78,602.96,85.48,17.98
22-02-2026 06:00,Zone_002,37.78121114,-122.4743595,0.85,179.3,26,86.8,450.48,286.87,-6,0,1.16,534.3,46.21,-12.06
22-02-2026 07:00,Zone_005,37.72312176,-122.4372783,10.2,111.6,20.3,78.7,403.61,413.83,1,1,3.13,432.75,55.17,71.56
22-02-2026 08:00,Zone_009,37.78305672,-122.3864076,5.79,292.3,16.8,91,183.32,410.89,-12,0,4.61,539.95,105.05,-45.73
22-02-2026 09:00,Zone_009,37.78125572,-122.3653053,3,312.2,15.2,33.5,295.25,840.76,-7,1,0.92,473.27,46.18,53.54
22-02-2026 10:00,Zone_008,37.81428527,-122.4873809,2.04,242.3,26.4,30.8,150.75,120.18,26,0,4.02,638.06,116.09,39.14
22-02-2026 11:00,Zone_001,37.82504749,-122.4410344,11.46,16.9,20.4,73,249.76,931.25,-28,1,2.38,527.55,28.98,-28.36
22-02-2026 12:00,Zone_001,37.7660662,-122.4849632,1.34,203.9,14.5,48.8,267.9,391.88,29,0,4,451.46,36.58,-25.11
22-02-2026 13:00,Zone_009,37.74534999,-122.4975111,2.79,274.8,27.2,46.5,424.24,441.02,-19,0,2.53,522.36,61,48.88
22-02-2026 14:00,Zone_008,37.73890023,-122.4007422,4.5,49.1,24.1,51.5,453.21,680.7,4,0,1.89,478.53,97.71,-3.18
22-02-2026 15:00,Zone_010,37.72919358,-122.4096326,7.63,82.3,31.5,47.5,236.58,337.52,-16,0,3.48,678.52,90.47,-10.14
22-02-2026 16:00,Zone_009,37.70864714,-122.4755471,6.77,317.7,12.9,63.2,57.97,1072.92,-14,0,4.5,744.18,29.19,-41.13
22-02-2026 17:00,Zone_007,37.7513672,-122.4649281,1.94,7.2,29.6,58.6,437.8,193.91,19,0,1.6,408.92,36.04,64.97
22-02-2026 18:00,Zone_003,37.74053715,-122.4964438,3.83,271,26.8,63.3,128.43,588.82,1,1,2.3,641.51,73.28,82.4
22-02-2026 19:00,Zone_003,37.84496261,-122.3747579,3.25,170.6,12.9,73.7,329.85,1034.36,-24,1,1.15,492.39,42.47,72.98
22-02-2026 20:00,Zone_002,37.78365632,-122.3537964,2.96,160.8,27.4,55.2,61.24,777.43,-12,1,0.92,423.24,56.46,19.91
22-02-2026 21:00,Zone_005,37.75209156,-122.4796811,5.23,2.6,21,46.3,229.78,421.56,-24,1,3.89,405.02,63.53,30.09
22-02-2026 22:00,Zone_003,37.78707014,-122.4652787,8.6,295,33.6,40.8,493.68,562.84,-26,1,1,708.35,75.37,-13.66
22-02-2026 23:00,Zone_006,37.72087951,-122.3697386,3,129.5,13.5,52.7,95.31,877.36,27,1,3.97,523.76,37.62,-24.07
23-02-2026 00:00,Zone_002,37.76660656,-122.3610304,4.72,194.7,26.1,78.2,240.66,1170.59,9,1,2.15,748.09,27.95,73.45
23-02-2026 01:00,Zone_003,37.79393515,-122.4370559,5,243.8,19.5,79.2,188.22,1082.45,-10,0,4.98,554.83,53.84,69.75
23-02-2026 02:00,Zone_005,37.77333467,-122.4924066,11.73,252.9,33.9,73.3,457.29,476.68,17,1,0.99,465.66,19.02,66.6
23-02-2026 03:00,Zone_001,37.76026682,-122.4940912,11.48,344.2,18.2,45.2,441.2,1198.02,17,1,0.46,672,67.94,19.5
23-02-2026 04:00,Zone_001,37.84907726,-122.4139075,9.7,191.3,34.1,68.2,156.96,103.86,20,1,0.38,724.27,102.36,79.68
23-02-2026 05:00,Zone_010,37.83204721,-122.4410657,3.28,143.9,32.5,67.1,86.53,130.39,26,0,4.18,685.47,23.09,88.93
23-02-2026 06:00,Zone_009,37.79351089,-122.4957021,1.28,343.3,16.8,61.5,332.21,1006.22,16,0,2.19,660.82,22.4,-0.75
23-02-2026 07:00,Zone_007,37.7854066,-122.4125121,4.14,231.2,30.1,65.7,201.37,319.41,-24,1,0.02,517.14,18.82,-16.3
23-02-2026 08:00,Zone_001,37.79309907,-122.4983046,3.57,107.3,34.9,62,352.44,166.85,6,1,4.37,422.57,103.26,19.64
23-02-2026 09:00,Zone_008,37.73019682,-122.3818942,6.32,45.5,16.3,66.8,64.45,360.86,-8,0,4.38,470.45,18.88,-23.1
23-02-2026 10:00,Zone_003,37.75927066,-122.4540351,9.44,303.3,20.9,76.5,110.03,568.71,-20,0,4.03,556.38,118.18,82.6
23-02-2026 11:00,Zone_008,37.70591893,-122.4939613,10.37,130.4,23,37.1,358.87,903.62,-21,0,1.24,734.67,49.42,0.7
23-02-2026 12:00,Zone_005,37.77133191,-122.4117472,10.22,237.8,17.4,78.7,145.57,786.77,26,0,1.86,653,46.16,36.43
23-02-2026 13:00,Zone_001,37.78145369,-122.4403473,4.64,169.5,10.4,38.8,435.91,361.38,-10,0,3.72,689.9,20.08,39.21
23-02-2026 14:00,Zone_007,37.73416246,-122.3539299,8.4,71.6,15.5,34.3,76.37,653.6,24,1,2.45,497.05,74.42,27.25
23-02-2026 15:00,Zone_005,37.84460433,-122.4183702,4.1,216.6,17,93.4,146.97,1118.84,28,1,0.77,639.34,74.45,-26.52
23-02-2026 16:00,Zone_006,37.83641819,-122.4587141,1.2,21.8,21.1,92.2,499.35,996.51,10,1,1.21,701.85,64.32,98.65
23-02-2026 17:00,Zone_006,37.80832149,-122.3935842,8.57,148.8,14.3,33.9,244.88,455.51,2,0,4.86,567.79,44.21,-24.11
23-02-2026 18:00,Zone_008,37.78000799,-122.4592762,0.61,196.8,31.8,58.8,366.33,1180.49,-11,1,0.76,550.46,50.54,62.73
23-02-2026 19:00,Zone_009,37.83049537,-122.3643635,5.21,157,27.6,42.1,132.2,879.48,2,0,3.63,651.79,45.26,68.7
23-02-2026 20:00,Zone_002,37.71959785,-122.4437917,4.29,269.5,12.1,61.5,324.44,168.69,9,0,2.39,595.97,56.88,-28.23
23-02-2026 21:00,Zone_009,37.81857647,-122.4175197,8.47,298.1,26.3,84,376.75,138.68,4,0,3.74,747.61,47.6,89.97
23-02-2026 22:00,Zone_010,37.71872312,-122.492414,9.31,277.6,26.3,91.8,191.51,285.25,3,1,3.31,548.79,84.31,23.16
23-02-2026 23:00,Zone_009,37.8191316,-122.4360818,4,14,33.9,71.2,423,900.64,5,1,2.2,461.58,42.54,44.33
24-02-2026 00:00,Zone_010,37.74136514,-122.3751455,9.83,69.9,10.1,53,321.54,302.11,-4,1,1.77,565.18,48.59,46.33
24-02-2026 01:00,Zone_010,37.83156359,-122.3791527,3.88,193.2,16.2,69.2,225.11,662.64,-12,0,3.77,482.32,57.9,25.74
24-02-2026 02:00,Zone_007,37.84160631,-122.4663522,5.63,336.5,33.2,50.3,300.94,202.59,12,0,1.62,596.44,10.44,-28.7
24-02-2026 03:00,Zone_001,37.7223194,-122.4660881,8.86,300.6,33.3,89.1,309.54,1112.97,-26,0,3.94,444.03,64.13,62.76
24-02-2026 04:00,Zone_007,37.76940134,-122.3774042,8.47,303.3,28,86.6,124.49,478.36,-2,1,3.4,732.49,38.14,37.27
24-02-2026 05:00,Zone_010,37.84714811,-122.3604402,11.85,109.2,29.1,66.3,231.23,1098.95,25,1,2.89,700.94,16.18,-32.2
24-02-2026 06:00,Zone_005,37.77251112,-122.4856959,3.09,154.6,12.3,51.1,204.54,1139.36,-21,0,1.84,454.45,110.21,55.05
24-02-2026 07:00,Zone_006,37.82953213,-122.4324912,8.12,169.5,22.8,49.1,230.41,106.74,25,0,1.03,460.34,45.47,55.41
24-02-2026 08:00,Zone_010,37.78830973,-122.4493819,7.51,56.7,15.8,32.2,392.5,610.55,28,1,3.55,579.35,56.87,32.27
24-02-2026 09:00,Zone_007,37.75629949,-122.3693967,11.02,11.2,14.5,83,267.14,127.12,24,1,0.46,670.51,101.01,-36.42
24-02-2026 10:00,Zone_005,37.74286753,-122.4874713,2.3,340.9,30.3,59.3,473.14,1099.56,9,0,4.85,476.68,28.35,2.9
24-02-2026 11:00,Zone_007,37.73048346,-122.4683311,9.15,86.7,13.4,51.1,182.15,670.25,-18,1,4.89,421.34,103.53,-42.36
24-02-2026 12:00,Zone_009,37.81426973,-122.3871297,7.04,86.4,21.7,60.6,237.07,182.44,-2,1,0.65,590.94,36.58,21.64
24-02-2026 13:00,Zone_003,37.75798108,-122.4923059,3.66,30,33.5,83.2,404.13,221.3,-26,0,0.52,642.06,74.79,85.97
24-02-2026 14:00,Zone_008,37.77669132,-122.4261197,5.96,334.3,14.6,38.1,295.71,521.86,27,0,2.06,485.53,85.42,-49.66
24-02-2026 15:00,Zone_002,37.77384882,-122.4336839,4.34,208.7,34.4,85.7,296.16,1134.26,27,0,4.82,658.92,109.55,-10
24-02-2026 16:00,Zone_007,37.78659185,-122.4498398,7.16,240.1,34.9,88.3,74,862.2,28,0,2,732.73,76.84,69.98
24-02-2026 17:00,Zone_002,37.82983657,-122.4408142,10.72,328.2,23.9,91.5,229.37,1054.38,-19,1,1.82,447.98,59.86,-48.52
24-02-2026 18:00,Zone_004,37.8471109,-122.4205089,7.05,124.4,14.3,55.8,171.83,503.1,28,0,3.52,578.86,72.95,-48.47
24-02-2026 19:00,Zone_007,37.76113763,-122.4757949,7.76,223.7,17.9,44.1,499.7,147.54,-18,0,0.89,419.89,32.23,41.62
24-02-2026 20:00,Zone_003,37.82412784,-122.4142006,6.47,14,20.6,54.3,188.76,1171.75,-9,0,1.82,472.33,85.8,68.38
24-02-2026 21:00,Zone_002,37.81467917,-122.3791852,1.09,67.2,17.7,51.6,448.02,118.89,9,0,1.46,431.44,30.56,66.48
24-02-2026 22:00,Zone_010,37.78602934,-122.3859759,3.18,299.2,17,41.5,354.31,1142.42,-16,1,3.01,541.4,71.3,66.94
24-02-2026 23:00,Zone_007,37.84340707,-122.476915,6.16,276,34.3,69.5,203.41,505.55,-18,0,0.81,687.29,81.24,4.15
25-02-2026 00:00,Zone_001,37.73007118,-122.4776126,4.07,126.2,13.8,61,294.59,111.1,-30,0,2.74,602,108.84,82.41
25-02-2026 01:00,Zone_008,37.71638963,-122.4597738,2.59,135.7,28.3,86.3,428.24,858.07,23,1,4.29,477.9,59.52,-48.07
25-02-2026 02:00,Zone_003,37.8280943,-122.4458388,6.3,192.1,10,32.1,447.52,1178.59,7,0,2.57,414.04,95.29,-3.17
25-02-2026 03:00,Zone_002,37.76587247,-122.4387317,4.21,0.1,24.9,71.9,122.18,1162.19,12,1,3.42,593.69,28.43,0.58
25-02-2026 04:00,Zone_003,37.82704533,-122.3980454,3.47,86.8,32.9,79.6,202.81,277.03,14,0,0.38,446.48,27.18,-25.16
25-02-2026 05:00,Zone_005,37.83396353,-122.4914979,5.84,75,17.2,79.4,200.85,299.37,22,1,2.25,519.96,67.73,0.43
25-02-2026 06:00,Zone_008,37.70936864,-122.4947991,2.03,90.2,14.6,87.6,68.92,722.09,21,1,0.47,578.57,75.6,37.88
25-02-2026 07:00,Zone_010,37.83251971,-122.4412134,11.17,290.1,26.3,77.4,319.21,801.04,-30,0,3,716.31,79.56,28.04
25-02-2026 08:00,Zone_007,37.76724786,-122.3954254,10.48,100.7,27.8,90.3,434.67,913.36,-20,1,1.41,428.64,92.02,-2.09
25-02-2026 09:00,Zone_007,37.77656487,-122.4709847,8.64,68.9,27.2,51.6,221.71,299.16,27,0,1.44,634.01,42.44,62.4
25-02-2026 10:00,Zone_007,37.79398888,-122.4037743,1.72,181.5,18,62.7,383.02,1154.91,12,1,0.38,404.93,78.49,57.22
25-02-2026 11:00,Zone_008,37.83895739,-122.4610258,9.42,311.6,16.3,30.9,332.47,802.61,9,0,1.55,620.47,30.7,-7.9
25-02-2026 12:00,Zone_001,37.70286741,-122.3670871,9.79,86.9,33.9,30.5,219.04,1031.75,-9,1,2.53,593.04,34.09,-1.52
25-02-2026 13:00,Zone_004,37.77152652,-122.3656465,9.33,28.3,33.1,45.6,113.48,694.07,4,0,2.92,684.15,17.4,-6.87
25-02-2026 14:00,Zone_006,37.80315831,-122.4554069,1.81,128.3,21.4,36.6,369.2,555.7,29,1,0.33,586.08,92.17,-30.67
25-02-2026 15:00,Zone_009,37.80840604,-122.4655009,7.9,269.2,31.2,46.9,434.55,1174.9,20,1,3.26,523.42,65.77,62.92
25-02-2026 16:00,Zone_002,37.80387986,-122.4383044,10.09,198.2,21.3,41.5,358.63,740.33,13,1,2.44,484.96,36.2,-43.06
25-02-2026 17:00,Zone_001,37.72016527,-122.4639203,7.14,294,20.6,31.9,58.05,1053.56,-25,0,2.68,429.84,71.19,-27.41
25-02-2026 18:00,Zone_010,37.74490934,-122.3991424,7.93,345.5,13.9,89.1,147.3,1148.62,-3,0,4.16,587.11,48.97,-34.2
25-02-2026 19:00,Zone_002,37.75380733,-122.3760903,5.77,285.4,20.7,30.5,81.27,842.89,0,0,1.71,710.91,102.09,73.8
25-02-2026 20:00,Zone_007,37.82066558,-122.3990362,6.58,217.4,23.4,77.8,306.67,703.83,24,0,0.87,580.16,68.1,-43.4
25-02-2026 21:00,Zone_003,37.74181398,-122.3763474,0.9,177.6,10.6,39.9,390.41,103.86,-23,0,2.76,658.69,13.28,49.69
25-02-2026 22:00,Zone_010,37.73160574,-122.4404512,7.85,14.4,21.1,89.3,99.76,144.02,-26,0,4.73,504.45,118.36,-43.33
25-02-2026 23:00,Zone_002,37.8436172,-122.4765525,1.44,354.4,29.5,88,427.25,320.94,11,0,2.59,556.85,18.17,67.97
26-02-2026 00:00,Zone_007,37.70132949,-122.3893074,5.5,138.1,27,72.5,299.98,304.61,23,0,4.16,513.61,86.56,86.91
26-02-2026 01:00,Zone_002,37.84967313,-122.4459288,3.87,54.8,25.9,73.7,360.49,380.23,17,0,3.79,438.24,58.1,23.03
26-02-2026 02:00,Zone_003,37.80152319,-122.3993094,6.77,240,32.7,30.3,487.13,435.43,13,0,2.59,545.95,37.42,70.68
26-02-2026 03:00,Zone_007,37.82427039,-122.4594034,2.03,102.3,10.5,94,87.66,496.07,-14,0,3.24,667.5,84.41,55.96
26-02-2026 04:00,Zone_004,37.74419291,-122.4878156,8.45,210.9,23.9,87.1,455.55,562.59,7,1,2.03,538.24,23.85,69.35
26-02-2026 05:00,Zone_001,37.70214729,-122.3511127,9.64,211.2,29.7,88.2,106.75,208.75,-22,0,2.65,627.56,104.41,65.02
26-02-2026 06:00,Zone_005,37.81068043,-122.4765698,2.38,160.5,23.5,72.9,226.83,146.6,-21,0,2.54,665.52,37.57,-19.19
26-02-2026 07:00,Zone_009,37.82512169,-122.3517369,1.7,301,18.1,52.4,433.15,841.34,-11,0,3.55,512.96,49.76,24.93
26-02-2026 08:00,Zone_008,37.81107142,-122.353408,2.17,95.4,13.4,88.1,457.81,691.07,-17,0,2.05,679.13,79.59,94.06
26-02-2026 09:00,Zone_009,37.72142754,-122.3809273,10.59,161.5,32.2,48.9,277.87,588.56,-17,1,0.5,518.62,10.11,1.53
26-02-2026 10:00,Zone_010,37.81301419,-122.4010866,6.57,193.6,21.8,66.6,317.35,797.88,-5,0,3.94,489.64,62,95.57
26-02-2026 11:00,Zone_009,37.81533842,-122.4133289,5.87,238.9,32,36.5,368.67,1010.45,-2,0,3.42,477.86,108.37,37.47
26-02-2026 12:00,Zone_007,37.79878108,-122.3700848,1.73,282.2,24.6,89.9,424.74,570.46,18,1,4.75,469.97,84.85,19.24
26-02-2026 13:00,Zone_004,37.81491739,-122.4565841,7.97,142.1,26.9,39.2,104.68,805.23,-4,1,2.14,657.99,52.67,48.66
26-02-2026 14:00,Zone_005,37.82688822,-122.4298478,10.48,232.6,30.1,44.6,414.53,1148.93,-6,0,0.39,710.63,82.65,72.38
26-02-2026 15:00,Zone_001,37.79204062,-122.4070915,10.02,54.2,26.5,66.3,266.57,1023.59,-15,0,0.61,480.73,113.02,9.13
26-02-2026 16:00,Zone_001,37.71329071,-122.4383214,7.7,335.8,20,79.7,252.78,568.6,5,0,3.87,429.83,30.66,-45.06
26-02-2026 17:00,Zone_003,37.77314417,-122.435877,1.37,137.9,22.8,70.3,240.75,809.19,3,0,0.34,509.82,68.5,56.32
26-02-2026 18:00,Zone_008,37.7116474,-122.4504573,1.79,262.6,30.1,45.1,279.15,294.78,-15,0,4.54,630.25,35.82,93.43
26-02-2026 19:00,Zone_002,37.76113145,-122.4153652,1.07,7.3,19.3,30.1,475.27,716.57,2,1,1.41,528.98,103.96,43.75
26-02-2026 20:00,Zone_004,37.76106597,-122.3724138,3.46,73.9,19.7,79.2,296.69,1179.46,-28,0,4.49,592.21,89.32,-21.74
26-02-2026 21:00,Zone_002,37.70990148,-122.4697707,2.06,175.3,12.4,94,478.93,670.15,-8,1,3.87,660.51,98.12,-12.76
26-02-2026 22:00,Zone_005,37.75232308,-122.359835,3.49,316.2,32.9,82.6,131.13,1120.4,-20,0,4.36,542.97,113.73,86.46
26-02-2026 23:00,Zone_009,37.71664971,-122.3966369,4.93,189.8,12.3,59.9,375.86,548.07,17,0,1.07,749.89,35.55,-47.97
27-02-2026 00:00,Zone_001,37.82123528,-122.376509,11.34,334.8,26.2,88.7,415.51,1198.73,27,1,2.98,504.28,15.36,32.31
27-02-2026 01:00,Zone_005,37.8421532,-122.4165714,7.52,174.2,20.3,56.6,355.61,737.14,-13,0,0.47,742.39,42,-26.2
27-02-2026 02:00,Zone_009,37.71084747,-122.3830725,10.1,176.6,20.1,64.1,323.12,146.5,16,0,1.01,471.06,53.91,-7.59
27-02-2026 03:00,Zone_001,37.84326728,-122.4975699,8.67,43.1,27,61,304.17,745.43,10,0,1.55,438.83,78.77,-3.95
27-02-2026 04:00,Zone_009,37.77838649,-122.3772429,1.79,289,11.7,59.1,437.42,402.03,13,0,3.7,662.79,97.75,-17.11
27-02-2026 05:00,Zone_008,37.74493485,-122.4939792,8.96,88.9,24.8,80.4,419.74,135.73,-2,0,0.12,645.81,48.48,68.85
27-02-2026 06:00,Zone_004,37.71152931,-122.366513,3.66,323.9,29.3,64.2,105.03,1002.94,28,0,4.52,683.91,62.08,-0.17
27-02-2026 07:00,Zone_010,37.77509364,-122.3512056,7.85,327.9,30.7,50.6,431.86,403.3,19,0,0.35,520.26,96.4,1.82
27-02-2026 08:00,Zone_005,37.81917733,-122.4558899,4.42,339.6,14.3,46.8,236.33,976.2,-26,0,1.88,725.78,34.79,17.95
27-02-2026 09:00,Zone_005,37.80606297,-122.4684522,11.97,187.3,32.4,32.5,164.16,417.04,-7,1,0.41,441.82,33.88,85.34
27-02-2026 10:00,Zone_006,37.7075339,-122.3851955,3.53,243.8,26.4,67.9,441.4,313.76,-2,0,3.84,410.6,74.82,53.23
27-02-2026 11:00,Zone_007,37.71093528,-122.462046,3.71,280.3,32,44.9,244.41,1171.33,-2,0,0.71,505.2,57.97,-40.74
27-02-2026 12:00,Zone_008,37.76043099,-122.3701656,11.2,47.2,22.1,39.6,413.76,497.81,29,1,4.42,679.06,114.38,-44.11
27-02-2026 13:00,Zone_008,37.74429357,-122.4845736,0.78,216.3,23.6,72.5,168.53,761.51,-5,1,2.65,635.54,49.27,34.96
27-02-2026 14:00,Zone_002,37.73485765,-122.4811067,8.51,12.3,33,74.3,51.77,770.98,9,0,4.74,552.67,93.55,83.06
27-02-2026 15:00,Zone_009,37.74215067,-122.3531273,8.84,179.1,32.5,78.9,272.96,716.52,-28,0,1.45,489.69,74.14,-1.51
27-02-2026 16:00,Zone_007,37.82052241,-122.3989242,10.12,55.7,21.2,62.7,95.1,1106.17,-29,1,2.27,420.75,16,-12.83
27-02-2026 17:00,Zone_004,37.83938421,-122.3729669,11.71,65.9,16.9,88.1,389.47,841.89,-6,0,3.47,518.13,19.28,62.23
27-02-2026 18:00,Zone_004,37.7607654,-122.4513506,11.72,131.4,19.8,90.9,174.23,544.11,-12,1,4.16,561.01,32.35,40.31
27-02-2026 19:00,Zone_008,37.83591665,-122.3985274,1.25,155.7,19.7,82.5,249.64,1048.62,9,1,2.11,640.46,25.75,34.75
27-02-2026 20:00,Zone_004,37.74822436,-122.4108637,9.95,224.3,17.2,71.3,89.17,299.17,-29,0,4.46,626.09,46.23,-27.6
27-02-2026 21:00,Zone_006,37.77146555,-122.4095275,7.93,26.8,16.7,49.7,179,698.66,-12,0,0.59,731.57,73.69,-23.61
27-02-2026 22:00,Zone_005,37.73390435,-122.3976201,7.94,181.3,31.5,93.9,401.67,1145.61,-30,1,3.54,435.14,76.26,-7.73
27-02-2026 23:00,Zone_003,37.79607141,-122.4136961,1.98,65.7,11.7,47.8,118.21,787.94,-4,0,1.74,517.72,74.65,-18.97
28-02-2026 00:00,Zone_010,37.84684717,-122.4356406,7.98,206.6,26.9,43.2,341.22,998.67,23,0,0.51,568.55,22.94,95.72
28-02-2026 01:00,Zone_002,37.79052396,-122.4586116,11.8,229.5,14.3,58.7,462.84,818.92,14,0,1.93,634.74,76.02,-47.21
28-02-2026 02:00,Zone_009,37.75367211,-122.3847128,10.99,200.4,18.6,33.7,355.93,1023.31,24,1,4.4,573.41,55.07,43.91
28-02-2026 03:00,Zone_010,37.79717262,-122.4660591,5.55,265.8,11.5,93.6,414.96,1138.94,21,0,4.9,719.47,109.34,27.64
28-02-2026 04:00,Zone_009,37.7184381,-122.3961469,0.96,120.8,16.7,68.2,99.04,400.21,18,1,1.96,613.04,110.32,-1.51
28-02-2026 05:00,Zone_001,37.83329886,-122.4650001,4.67,275.4,29.2,66.2,162.83,286.63,4,1,4.43,413.88,94.5,83.14
28-02-2026 06:00,Zone_010,37.77546259,-122.4062005,10,155.8,32.1,72.6,452.54,632.39,10,0,2.55,439.78,87.34,50.52
28-02-2026 07:00,Zone_003,37.76740246,-122.3879383,8.57,174.3,15.5,62.3,371.8,872.05,-26,1,3.59,663.72,22.64,99.75
28-02-2026 08:00,Zone_008,37.78787972,-122.4671929,5.78,233.3,21.6,32.1,337.8,349.91,7,0,0.23,650.53,19.32,-24.7
28-02-2026 09:00,Zone_006,37.79371758,-122.4910085,1.13,6.6,21.8,69.8,348.7,104.51,-27,1,2.79,453.72,102.49,-36.82
28-02-2026 10:00,Zone_005,37.71076637,-122.4803539,5.41,235.4,31.8,76.6,236.39,477.23,-14,0,0.35,420.62,56.97,-29.09
28-02-2026 11:00,Zone_005,37.80239258,-122.4091005,5.89,222.7,29.1,57.1,70.05,1165.75,22,0,1.34,602.55,59.65,-9.61
28-02-2026 12:00,Zone_006,37.73628975,-122.372583,11.18,111.5,22.8,79.2,403,864.46,-10,1,2.83,622.51,103.26,12.52
28-02-2026 13:00,Zone_007,37.80709289,-122.4932505,7.87,30.9,26.8,44.8,355.42,541.46,22,0,4.04,447.35,78.36,79.39
28-02-2026 14:00,Zone_001,37.82338022,-122.3898773,4.08,32.7,31.2,44.4,262.76,311.83,17,1,2.8,565.77,29.73,-7.46
28-02-2026 15:00,Zone_009,37.82059378,-122.4488022,6.54,332.4,10.2,40.5,454.89,491.7,0,1,4.68,507.04,33.21,87.29
28-02-2026 16:00,Zone_003,37.78287515,-122.4282207,1.26,248.1,20.1,54.2,201.27,286.82,17,0,4.05,725.96,10.7,19.44
28-02-2026 17:00,Zone_004,37.77802548,-122.3606711,11.68,45.8,32.7,85.1,182.44,216.94,-9,0,0.78,476.72,88.17,47.06
28-02-2026 18:00,Zone_010,37.72143139,-122.4502043,4.64,128.4,28.5,83.8,442.76,1097.42,-20,1,1.94,656.64,63.42,-10.34
28-02-2026 19:00,Zone_001,37.81630192,-122.4301995,6,213.3,23.6,54.9,408.64,1197.42,3,0,3.34,581.35,114.5,-26.6
28-02-2026 20:00,Zone_010,37.74071141,-122.4979476,4.59,300.8,23.2,68.3,281.74,280.53,18,1,4.69,404.03,88.54,80.42
28-02-2026 21:00,Zone_003,37.77450431,-122.4877602,8.35,15.7,18.7,76.9,108.83,159.97,-16,1,4.94,580.95,21.35,-33.57
28-02-2026 22:00,Zone_002,37.74264111,-122.4612113,8.12,85.2,23,45.7,146.78,462.7,19,1,3.82,434.82,27.77,66.1
28-02-2026 23:00,Zone_002,37.72007425,-122.4958222,8.73,320.3,26.4,40.9,345.3,607.83,30,1,2.87,630.67,65.19,37.15
01-03-2026 00:00,Zone_001,37.79443365,-122.4052937,3.58,3.3,20.5,93.2,223.27,325.3,-21,0,3.78,597.93,111.74,79.17
01-03-2026 01:00,Zone_008,37.70814981,-122.4360402,4.13,72.5,27.9,70.1,426.41,431.57,7,1,1.37,403.65,37.2,57.67
01-03-2026 02:00,Zone_003,37.81229679,-122.4177782,1.94,345.2,31.5,93.8,477.48,320.96,1,1,1.42,471.64,100.81,-7.75
01-03-2026 03:00,Zone_003,37.74763802,-122.4738029,8.04,220.8,13.9,52,412.54,951.69,22,1,3.27,671.68,44.35,36.16
01-03-2026 04:00,Zone_006,37.7000202,-122.4556102,0.96,94.2,21.3,75.7,219.9,883.84,17,0,4.36,496.52,39.69,-48.04
01-03-2026 05:00,Zone_008,37.77666937,-122.4004263,7.37,24.1,20.2,44.5,404.91,798.45,0,0,4.85,574.75,109.15,21.28
01-03-2026 06:00,Zone_009,37.70702779,-122.3552046,10.5,10.1,27.2,47,208.15,525.94,6,1,1.71,509.2,15.2,-37.1
01-03-2026 07:00,Zone_009,37.74142543,-122.4924375,10.74,88.1,16.2,63.3,125.2,1099.95,13,0,3.98,722.53,82.68,14.34
01-03-2026 08:00,Zone_004,37.80604647,-122.3664424,5.66,317.3,26,50.8,65.03,1166.49,-3,0,4.26,587.8,14.75,-33.56
01-03-2026 09:00,Zone_005,37.70940344,-122.4134678,5.78,149.7,31.9,40.9,223.57,291,0,0,3.12,643.66,98.08,93.32
01-03-2026 10:00,Zone_002,37.82590077,-122.4154121,1.39,259.3,20.5,47.1,456.6,345.31,-25,0,1.74,429.22,101.23,28.46
01-03-2026 11:00,Zone_009,37.70057299,-122.4249582,8.21,330.6,32.8,32.3,157.54,678.19,-17,0,3.1,414.12,108.27,86.98
01-03-2026 12:00,Zone_008,37.73702358,-122.4895909,9.94,146.9,34.8,75.8,142.93,200.38,27,0,2.92,490.73,30.47,-46.65
01-03-2026 13:00,Zone_003,37.81113561,-122.4865185,3.31,68.9,12.7,62,486.42,580.09,-8,0,3.03,508.2,23.69,45.65
01-03-2026 14:00,Zone_009,37.74744052,-122.4098632,5.34,186.2,15.8,36.1,61.25,739.97,-15,1,3.1,640.69,65.39,-3.96
01-03-2026 15:00,Zone_003,37.71528386,-122.4488562,10.15,326.9,33.8,41.2,403.6,674.28,-6,0,4.24,599.2,39.88,14.77
01-03-2026 16:00,Zone_009,37.75403509,-122.3624098,10.59,289.6,34,36.7,194.62,464,8,0,0.85,531.1,76.69,80.96
01-03-2026 17:00,Zone_002,37.74055899,-122.4390114,3.3,23.7,12.4,69.8,66.87,696.69,-29,0,1.84,628.94,66.51,97
01-03-2026 18:00,Zone_010,37.82640679,-122.4785078,6.83,249.3,10.4,36.1,463.01,1154.68,7,0,2.93,457.25,25.93,-13.03
01-03-2026 19:00,Zone_009,37.74700219,-122.3927922,2.71,205.9,14,79,112.84,326.62,10,1,1.42,422.22,91.32,92.24
01-03-2026 20:00,Zone_008,37.81833987,-122.455997,1.67,326.7,34.9,31.3,298.3,820.31,8,1,4.89,699.08,98.42,53.31
01-03-2026 21:00,Zone_009,37.83378082,-122.4211795,10.98,44.1,14.5,46.2,173.32,147.74,3,0,1.32,597.38,115.93,92.71
01-03-2026 22:00,Zone_005,37.76507261,-122.3953251,9.94,192.3,22.6,87.9,79.34,173.06,20,0,2.35,627.18,53.51,34.36
01-03-2026 23:00,Zone_002,37.83649147,-122.3649604,9.24,316.6,31.2,76.7,72.47,707.01,9,1,4.39,507.53,47.15,94.11
02-03-2026 00:00,Zone_008,37.75659771,-122.3811713,1.06,147.6,10.5,34.7,102,215.43,12,0,0.4,530.18,31.15,83.87
02-03-2026 01:00,Zone_006,37.84461176,-122.3985458,10.2,173.5,25.1,83.4,82.12,124.58,-6,0,4.1,428.83,29.9,-30.71
02-03-2026 02:00,Zone_008,37.71339343,-122.398055,5.54,25.4,16.9,62,392.25,288.66,5,0,2.86,699.95,45.32,-3.38
02-03-2026 03:00,Zone_005,37.80305289,-122.3581113,4.44,100.1,31.6,85,268.5,721.33,-15,0,0.16,607.35,118,-13.54
02-03-2026 04:00,Zone_010,37.77407211,-122.4556264,6.78,116.8,17.1,69,204.3,873.68,26,0,4.51,429.27,20.15,35.81
02-03-2026 05:00,Zone_002,37.75814732,-122.4998332,1.55,340.2,27.2,74.3,238.27,322.73,-13,0,0.2,681.59,38.53,70.42
02-03-2026 06:00,Zone_006,37.79490678,-122.4592068,9.2,101.8,26.9,94.6,468.03,835.09,-18,0,2.58,555.44,19.46,63.91
02-03-2026 07:00,Zone_005,37.80557856,-122.4673163,7.2,165.9,15.5,45.1,459.84,300.72,28,0,0.25,667.79,40.1,59.01
02-03-2026 08:00,Zone_005,37.70065449,-122.4007248,2.65,241.7,10.9,70.6,372.05,774.8,6,0,0.36,404.42,20.16,6.29
02-03-2026 09:00,Zone_001,37.72504296,-122.4049433,2.66,58.4,20.2,59.9,448.11,553.16,-4,0,4.44,410.06,65.91,-29.05
02-03-2026 10:00,Zone_002,37.80695691,-122.4109808,2.62,175.1,17.2,32.6,193.84,819.18,3,0,3.83,459.77,58.22,-18.41
02-03-2026 11:00,Zone_008,37.79995781,-122.4975635,1.16,265.9,30.2,30.9,221.5,1194.56,-20,0,0.98,473.82,29.15,61.25
02-03-2026 12:00,Zone_003,37.84490713,-122.3906833,7.26,312.1,30,37.7,326.17,1131.6,-30,0,3.1,667.38,29.23,-27.87
02-03-2026 13:00,Zone_010,37.81415567,-122.4514704,10.16,225.5,21.4,72.2,330.63,104.71,-18,1,3.97,647.34,78.87,-16.56
02-03-2026 14:00,Zone_003,37.84261591,-122.4002416,0.7,240.9,25.2,66.9,266.76,1073.98,-1,1,4.45,615.63,52.58,13.68
02-03-2026 15:00,Zone_008,37.80538108,-122.4165132,1.06,45.5,25.1,66,230.3,173.14,-26,0,2.34,709.7,16.18,-39.18
02-03-2026 16:00,Zone_008,37.74470783,-122.4485904,7.09,340.5,30.7,32.1,493.78,1148.35,-13,0,4.49,486.5,111.22,-18.1
02-03-2026 17:00,Zone_002,37.71580474,-122.4798136,9.92,47.7,20.6,60.5,419.51,410.01,-17,1,2.54,716.54,54.54,-27.53
02-03-2026 18:00,Zone_008,37.81727358,-122.4858372,4.26,278.9,16.9,90.1,245.74,520.24,-18,0,3.44,718.31,75.02,92.7
02-03-2026 19:00,Zone_001,37.79662238,-122.3752723,4.52,95.3,16.6,55.8,377.28,200.8,1,0,4.9,551.99,107.4,-21.27
02-03-2026 20:00,Zone_006,37.7072279,-122.3622404,7.36,336.1,23.4,70.6,171.3,223.5,-24,1,1.18,433.04,54.24,79.27
02-03-2026 21:00,Zone_008,37.75400757,-122.4025318,3.65,259.2,21.2,80.7,95.08,899.41,-23,1,0.84,654.3,100.27,-32.78
02-03-2026 22:00,Zone_003,37.84351997,-122.4844849,0.81,271.4,21,81,208.59,1138.77,19,0,1.71,517.93,110.62,80.45
02-03-2026 23:00,Zone_008,37.77506017,-122.4396959,8.96,78.9,12.3,63.8,231.34,771.82,-24,0,0.82,678.23,29.15,39.92
03-03-2026 00:00,Zone_001,37.76490937,-122.3906591,7.69,159.5,28,85.8,57.44,887.44,21,1,1.42,457.29,108.17,77.46
03-03-2026 01:00,Zone_009,37.76865494,-122.3830269,7.18,222.4,15.3,55.4,416.66,938.17,18,0,3.71,588.83,23.18,80.1
03-03-2026 02:00,Zone_009,37.73133241,-122.4822672,9.03,277.2,14.9,87.8,211.64,389.1,-15,1,2.39,577.83,40.26,39.46
03-03-2026 03:00,Zone_005,37.75530608,-122.4999954,8.27,37.4,20.3,45.6,311.19,149.75,12,0,1.88,435.11,98.9,87.65
03-03-2026 04:00,Zone_010,37.75547199,-122.3931794,2.87,346.5,15.7,48.2,83.28,102.06,0,0,1.84,527.17,109.08,37.82
03-03-2026 05:00,Zone_004,37.70785325,-122.4465106,4.55,320.5,24.6,33.5,128.75,485.71,20,0,0.97,429.66,85.26,56.88
03-03-2026 06:00,Zone_006,37.81513514,-122.4618278,1.95,97.3,19.3,81.7,450.36,365.61,-4,1,2.24,562.66,21.53,12.41
03-03-2026 07:00,Zone_007,37.76247566,-122.4980654,1.99,296.2,21.2,57.1,323.91,168.55,29,1,3.12,695.02,67.53,87.11
03-03-2026 08:00,Zone_005,37.82332698,-122.4189551,8.28,186.6,23.4,44.9,477.63,297.48,2,0,0.7,494.57,72.99,73.62
03-03-2026 09:00,Zone_010,37.8275522,-122.3723274,10.37,166.3,15.1,45.1,499.44,236.95,22,1,4.86,667.7,41,-24.99
03-03-2026 10:00,Zone_009,37.73179911,-122.3563553,11.57,113.2,13.9,88.6,217.34,1106.37,-2,0,2.22,464.2,119.04,36.46
03-03-2026 11:00,Zone_003,37.79860302,-122.4151383,7.73,209.1,32,84.2,184.46,254.29,-23,1,4.74,635.81,46.92,84.52
03-03-2026 12:00,Zone_007,37.77084227,-122.4228308,2.62,262.8,20.8,66,436.26,691.41,2,1,0.67,720.44,33.13,68.96
03-03-2026 13:00,Zone_010,37.83202351,-122.4872415,1.71,147.9,20.3,70,499.38,752.42,10,0,3.84,513.37,22.11,94.38
03-03-2026 14:00,Zone_010,37.7323611,-122.4176691,9.85,226.5,10.9,60.8,333.34,697.84,-12,0,3.09,715.14,51.64,-15.3
03-03-2026 15:00,Zone_005,37.80167198,-122.4430031,7.16,251.8,22.4,55.5,407.81,208.96,-10,1,4.1,576.9,86.19,5.12
03-03-2026 16:00,Zone_007,37.79116282,-122.4089297,7.61,256,23.9,89.5,401.79,450.68,10,1,3,510.88,35.46,26.08
03-03-2026 17:00,Zone_002,37.74429522,-122.441691,9.49,18.7,24,38.2,209.9,156.4,-10,0,4.81,713.78,94.65,-15.1
03-03-2026 18:00,Zone_004,37.72049014,-122.4639551,8.59,309.5,27.7,57.2,308.42,535.24,-6,0,3.13,411.21,24.89,9.11
03-03-2026 19:00,Zone_002,37.79774596,-122.4857552,10.1,165,14.4,52.4,424.88,307.46,11,1,3.92,409.81,58.45,30.63
03-03-2026 20:00,Zone_007,37.81078962,-122.4527622,1.15,94.5,16.3,62.4,359.65,717.8,25,0,4.39,609.94,87.26,-21.3
03-03-2026 21:00,Zone_002,37.7473441,-122.4855033,9.1,87,30.3,59.7,59.52,862.09,-8,0,3.57,678.86,24.88,-11.5
03-03-2026 22:00,Zone_001,37.79672489,-122.4734655,10.28,173.9,33.7,63.7,201.52,685.33,-20,0,2.62,663.04,75.76,-31.27
03-03-2026 23:00,Zone_009,37.75926964,-122.3518996,3.79,319.3,13.4,39.1,115.01,577.66,2,1,1.36,427.81,97.88,57.01
04-03-2026 00:00,Zone_001,37.80698103,-122.4333845,7.87,136.2,22.4,63.4,154.84,526.07,-11,0,4.27,732.59,75.51,4.23
04-03-2026 01:00,Zone_008,37.72988229,-122.4202192,4.11,269.9,15.4,45.8,457.47,1025.86,-6,0,2.4,646.07,66.26,-16.96
04-03-2026 02:00,Zone_002,37.83353225,-122.3689572,11.52,34.9,11.5,42,66.6,341.3,-5,0,3.1,732.19,102.21,26.1
04-03-2026 03:00,Zone_008,37.74311144,-122.3506647,0.88,171.4,18.1,34.2,148.91,907.64,9,1,0.4,515.18,118.4,-39.76
04-03-2026 04:00,Zone_003,37.7551679,-122.4125928,7.17,357,13.6,79.6,189.31,933.23,21,1,2.49,642.88,29.94,88.51
04-03-2026 05:00,Zone_006,37.70871379,-122.3781289,2.41,277.4,27.7,57.8,327.6,561.12,-19,1,3.49,700.98,86.05,-5.83
04-03-2026 06:00,Zone_003,37.71672683,-122.4509588,8.69,75.8,23.3,70.7,290.35,427.03,1,0,2.92,533.16,18.87,82.97
04-03-2026 07:00,Zone_007,37.77737929,-122.4541384,2.52,180.5,13.6,77.3,148.22,617.6,2,1,2.24,737.7,14.71,24.64
04-03-2026 08:00,Zone_010,37.7401389,-122.4395944,3.21,84.1,10.2,74.2,123.91,202.54,-21,1,1.12,492.75,40.89,77.52
04-03-2026 09:00,Zone_009,37.82532203,-122.3991239,6.19,147.4,30.2,60.6,156.56,150.52,-27,1,1.55,510.46,116.8,-12.94
04-03-2026 10:00,Zone_002,37.70220401,-122.3976712,11.02,280.8,14.4,55.2,276.14,222.76,-16,1,3.5,722.12,70.74,-23.71
04-03-2026 11:00,Zone_005,37.75686411,-122.4527141,2.93,277.6,25.2,54.4,172.03,305.86,20,0,1.12,739.38,39.51,77.41
